869217,Witness,Mystery,02:59:21,2,Neil,Higgins,2004
136548,Insidious: Chapter 2,Fantasy,02:59:47,4,Sheila,Sheppard,2008
276458,Bound,Historical,02:59:26,2,Colleen,Lancaster,2007
125876,Westworld,Horror,02:59:16,4,Leah,Hurst,2016
673592,Fight Club,Romance,02:59:23,3,Ivor,Farmer,2017
714685,Crossroads,Science and fiction,02:59:30,4,Michael,Mooney,2015
943652,The Whistleblower,Thriller ,02:59:23,5,Sawyer,Oliver,2001
142387,Where the Heart Is,Action,02:59:24,2,Barclay,Booker,1991
869735,Mean Streets,Adventure,02:59:26,3,Fiona,Becker,2019
521943,A Dark Song,Comedy,02:59:29,3,Winifred,Steele,1941
831945,A Good Day to Die Hard,Crime,02:59:53,2,Derek,Humphrey,2017
652719,Mary and Max,Mystery,02:59:14,5,Selma,Goodman,2013
463521,Mona Lisa Smile,Fantasy,02:59:32,5,Steven,Franks,2000
794826,Mysterious Skin,Historical,02:59:46,1,Britanney,Richardson,1999
145278,Shutter,Horror,02:59:00,1,Pamela,Davis,1986
623841,Pirates of the Caribbean,Adventure,02:59:20,2,Johnny,Depp,2007
816295,Bad Moms,Science and fiction,03:00:00,2,Aurora,Sanford,2019
132587,It,Thriller ,02:59:50,1,Brielle,Berg,2017
251736,Irrational Man,Action,02:59:03,5,Eaton,Robles,2004
793281,Transcendence,Science and fiction,02:59:15,2,Johnny,Depp,2014
923648,Beauty and the Beast,Comedy,02:59:55,2,Craig,Brock,2010
583917,Uncut Gems,Crime,02:59:31,4,Tatiana,Palmer,2018
976481,The Maltese Falcon,Mystery,02:59:33,3,Jason,Stafford,2017
681972,Free Fire,Fantasy,02:59:29,2,Brett,Bishop,2003
425168,Dom Hemingway,Historical,02:59:00,4,Kato,Conner,2019
435129,The Little Mermaid II,Horror,02:59:19,1,Zeus,Moran,1995
149678,The Sixth Sense,Romance,02:59:31,1,Harper,Ballard,2008
692148,Night of the Creeps,Science and fiction,02:59:39,1,Wade,Joseph,2004
123974,The Choice,Thriller ,02:59:05,4,Gisela,Dawson,2000
275196,Rocketman,Action,02:59:38,5,Anika,Bates,2016
451639,Don't Knock Twice,Adventure,02:59:35,5,Willa,Morgan,2006
379254,Along Came Polly,Comedy,02:59:09,5,Marshall,Mitchell,2008
495367,V/H/S/2,Crime,02:59:58,4,Cyrus,Reeves,2017
674935,The Choice,Mystery,02:59:17,2,Kyle,Owen,1992
674358,The Girl in the Spider's Web,Fantasy,02:59:20,3,Plato,Hester,2018
658432,The Devil's Candy,Historical,02:59:51,5,Hayes,Boyd,2002
934185,Drive,Action,02:59:15,5,Ryan,Gosling,2011
397152,Dunkirk,Historical,02:59:28,1,Avye,Jarvis,2017
314952,Babe,Science and fiction,02:59:34,4,Steel,Vang,2005
954681,The Devil's Candy,Thriller ,02:59:33,5,Adele,Knowles,2002
984215,The Bourne Supremacy,Action,02:59:11,1,Quinn,Lindsey,1985
687523,The Replacements,Adventure,02:59:29,2,Axel,Anderson,2019
896217,Passengers,Comedy,02:59:12,4,Nichole,Wyatt,2019
732146,The Holiday,Crime,02:59:28,4,Colton,Levine,2013
574218,The Hurt Locker,Mystery,02:59:37,2,Zelda,Hawkins,1998
862154,The Shape of Water,Fantasy,02:59:14,1,Emerson,Gilliam,2011
134892,Pet Sematary II,Historical,02:59:05,3,Garrison,Thompson,1957
798653,Overlord,Horror,03:00:00,5,Germaine,Montgomery,2014
471895,D-Tox,Romance,02:59:38,1,Geoffrey,Duncan,2009
362781,The House,Science and fiction,02:59:50,1,Lewis,Mckenzie,2000
947352,Ashby,Thriller ,02:59:44,3,Hunter,Oconnor,2008
963528,The Producers,Action,02:59:50,4,Driscoll,Gibbs,1984
475631,Insomnia,Adventure,02:59:13,3,Grant,Tyler,2014
981674,Fletch,Comedy,02:59:03,1,Penelope,Alexander,2012
435817,Murder Mystery,Crime,02:59:47,3,Sacha,Simmons,2004
297653,The Vanishing,Mystery,02:59:08,2,Lareina,Walker,2016
312679,Nebraska,Fantasy,02:59:45,3,Nayda,Garcia,2013
138476,Mercury Rising,Historical,02:59:48,2,MacKenzie,Madden,2010
837941,Rio,Horror,03:00:00,4,Lysandra,Hester,2011
631795,Hot Fuzz,Comedy,02:59:11,3,Cameron,Clark,2007
243987,Wish I Was Here,Science and fiction,02:59:54,5,Ila,Long,2014
546328,Tinker Bell,Thriller ,02:59:13,5,Hoyt,Randolph,2003
285796,Bounce,Action,02:59:18,2,Austin,Nolan,2016
924675,RockNRolla,Adventure,02:59:23,5,Lilah,Ball,1983
857963,Broadway Danny Rose,Comedy,02:59:55,5,Beau,Acevedo,1995
954216,The Martian,Adventure,02:59:04,1,Chelsea,Ramos,2015
265389,The Amazing Spider-Man,Mystery,02:59:48,1,Lunea,Macdonald,2010
294576,The Incredibles,Fantasy,02:59:11,4,Beverly,King,2001
948527,Live by Night,Historical,02:59:01,2,Lawrence,Mayo,2003
248935,Elysium,Horror,02:59:00,1,Astra,Woodward,2011
863924,The A-Team,Romance,02:59:45,1,Ila,Porter,1992
842735,Ghostbusters,Action,02:59:59,5,Rafael,Horne,1984
365971,Unbreakable,Thriller ,02:59:01,4,Noelani,Salinas,2000
614897,The Interview,Action,02:59:21,3,Geraldine,Golden,2009
637154,The Matrix Reloaded,Adventure,02:59:22,2,Constance,Wood,2008
983715,Bastille Day,Comedy,02:59:34,3,Ila,Castaneda,2017
815327,Krull,Crime,02:59:45,4,Neve,Thornton,2011
593281,Sudden Death,Mystery,02:59:30,1,Vivien,Pollard,1997
864735,Baby Driver,Crime,02:59:24,4,Vincent,Trujillo,2017
523491,Death at a Funeral,Historical,02:59:01,5,Ora,Estes,1993
349156,Donnie Darko,Horror,02:59:45,1,Conan,Bowers,1990
698213,Finding Nemo,Romance,02:59:22,4,Cameran,Barry,2011
246938,Beastly,Science and fiction,02:59:13,2,Jorden,Pennington,2004
917254,Hero,Thriller ,02:59:53,3,Halee,Roach,1998
538946,The Change-Up,Action,02:59:23,2,Skyler,Bennett,2006
328645,Dinosaur,Adventure,02:59:22,4,Bruno,Mercado,2009
275869,Halloween,Horror,02:59:03,1,Renee,Cortez,1978
251837,Two Lovers,Crime,02:59:54,4,Shoshana,Cote,1988
487926,Free Fire,Mystery,02:59:09,4,Ria,Vazquez,1996
397146,Stay,Thriller ,02:59:01,3,Ryan,Gosling,2005
359241,Breakdown,Historical,02:59:09,5,Dalton,Nolan,2008
415278,Life,Horror,02:59:49,3,Cara,Gilliam,2013
275438,Point of No Return,Romance,02:59:10,3,Naida,Davidson,2015
751398,Child's Play 2,Science and fiction,02:59:15,5,Deirdre,Cain,2009
496715,Colombiana,Thriller ,02:59:12,5,Clarke,Bryan,2019
564182,Catwoman,Action,02:59:08,4,Nathaniel,Sutton,2004
354671,The Thin Red Line,Adventure,02:59:20,4,Guy,Vaughan,2009
824396,The Barbie Diaries,Comedy,02:59:29,4,Amal,Lawrence,2017
834721,Antichrist,Crime,02:59:52,5,Garrett,Martin,2004
493816,The Circle,Mystery,02:59:45,5,Nomlanga,Turner,2004
723854,Dave,Fantasy,02:59:04,3,Howard,Dennis,2008
273841,Escape from L.A.,Historical,02:59:37,4,Shoshana,Cobb,1992
642597,24: Redemption,Horror,02:59:19,1,Darius,Drake,1979
582147,Space Chimps,Romance,02:59:51,4,Skyler,Lancaster,1970
148953,The Mortal Instruments,Science and fiction,02:59:18,5,Giacomo,Hughes,2002
237946,Teen Beach 2,Thriller ,02:59:03,3,Jeanette,Stein,1981
764815,Observe and Report,Action,02:59:43,3,Piper,Stephenson,2019
436178,Crawl,Adventure,02:59:18,4,Brennan,Carey,2018
927156,Ocean's Twelve,Comedy,02:59:45,4,Gretchen,French,2011
936812,Terminator Salvation,Crime,02:59:44,1,Jena,Henson,2007
213479,Brigsby Bear,Mystery,02:59:16,5,Melinda,Dixon,2010
912375,Shall We Dance?,Fantasy,02:59:59,3,Kermit,Rice,2016
942675,13 Going on 30,Historical,02:59:33,4,Caldwell,Collier,2008
142987,Vantage Point,Horror,02:59:29,3,Zenaida,Mendez,1980
719832,Single White Female,Romance,02:59:58,5,Petra,Riddle,1992
716258,The Muppet Movie,Science and fiction,02:59:49,2,Forrest,Frank,2010
358472,The Aristocats,Thriller ,02:59:49,4,Haley,Bentley,2018
256819,Barbie as Rapunzel,Action,02:59:26,1,Hedwig,Patterson,2014
596314,Hacksaw Ridge,Historical,02:59:08,3,Jacob,Santana,2016
963251,Sin City,Crime,02:59:57,5,Harrison,Buchanan,2005
691835,A Star Is Born,Crime,02:59:16,1,Melanie,Hunter,1999
143759,No Strings Attached,Mystery,02:59:15,1,Theodore,Beard,2007
567241,Rendition,Fantasy,02:59:05,5,Jasper,Pacheco,2016
415938,The American,Historical,02:59:17,5,Alexander,Ellison,2017
892476,The 9th Life of Louis Drax,Horror,02:59:25,2,Marah,Alford,2005
741859,Kung Fu Panda,Romance,02:59:10,3,Igor,Lowery,2004
184736,Fame,Science and fiction,02:59:07,2,Blake,Holman,2008
258149,Army of Darkness,Thriller ,02:59:25,1,Nigel,Solis,1987
439615,Burlesque,Action,02:59:06,5,Mia,Rocha,2011
453826,Gravity,Science and fiction,02:59:30,1,Jameson,Mccormick,2013
754968,The Normal Heart,Comedy,02:59:44,4,Bruno,Clarke,2015
139648,Dave,Crime,02:59:09,5,Christine,Vance,1990
962753,The Cheetah Girls 2,Mystery,02:59:41,5,Venus,Galloway,2010
752983,8MM,Fantasy,02:59:48,1,Mikayla,James,2000
546728,An American Crime,Historical,02:59:10,5,Miranda,Hull,2000
362794,Exposed,Horror,02:59:00,5,Wing,Kelly,1995
479863,Wonder Wheel,Romance,02:59:22,3,Adrian,Franks,1957
867254,Rent,Science and fiction,02:59:00,1,Hilda,James,2003
235967,Without a Paddle,Thriller ,02:59:58,4,Hanae,Gill,2006
379524,Nim's Island,Action,02:59:13,2,Nyssa,Miles,2019
529386,Jaws: The Revenge,Adventure,02:59:04,5,Marah,Sutton,2015
416258,Fright Night,Comedy,02:59:12,4,Fletcher,Peck,2002
674983,Good Boys,Crime,02:59:19,4,Jenette,Molina,2019
789135,The Gift,Mystery,02:59:50,3,Coby,Reeves,1982
645937,Rocky V,Fantasy,02:59:55,1,Bethany,Fuller,1994
561834,The Town,Historical,02:59:26,4,Ella,Sexton,2010
213658,The Perfect Storm,Horror,02:59:07,1,Kiayada,Mcbride,2011
673148,The Batman,Action,02:59:27,2,Robert,Pattinson,2022
259674,Assassins,Science and fiction,03:00:00,1,Talon,Mejia,2015
832147,Paths of Glory,Thriller ,02:59:52,4,Barrett,Park,1962
915426,Moonlight,Drama,02:59:13,5,Thor,Rasmussen,2016
782945,Catch and Release,Adventure,02:59:07,3,Bertha,Cruz,1972
213567,Thor,Action,02:59:45,3,Natalie,Portman,2011
467291,Air,Crime,02:59:34,3,Clark,Martin,1993
164857,White Oleander,Mystery,02:59:35,1,Armand,Arnold,2013
794835,I Am Mother,Fantasy,02:59:00,4,Lila,Guy,1967
367185,Blade Runner,Historical,02:59:27,1,Kane,Blankenship,2000
967342,Heavenly Creatures,Horror,02:59:18,1,Erich,Booker,2005
486572,Skyfall,Action,02:59:22,1,Madison,Downs,2012
627354,Flypaper,Science and fiction,02:59:01,3,Ayanna,Garner,2007
743952,Rampage,Thriller ,02:59:20,5,Dwayne,Johnson,2016
328549,Love the Coopers,Action,02:59:53,2,Rylee,Bowen,2013
149862,The Longest Day,Adventure,02:59:44,1,Felicia,Newton,1993
234956,Take Shelter,Comedy,02:59:44,1,Dustin,Norton,2005
431792,Cabaret,Crime,03:00:00,2,Kennedy,Alexander,1997
948561,Made of Honor,Mystery,02:59:17,5,Kevin,Santos,2016
379216,Nowhere to Run,Fantasy,02:59:44,4,Flynn,Patton,1988
178539,Pain & Gain,Historical,02:59:20,5,Timothy,Valentine,2015
426395,You Only Live Twice,Horror,02:59:12,5,Elizabeth,Dunn,2008
824693,For the Birds,Romance,02:59:43,2,Jaquelyn,Farrell,2008
718956,Constantine,Science and fiction,02:59:09,1,Deanna,Rowe,2017
264718,Life,Thriller ,02:59:23,2,Kaitlin,Wyatt,2012
458321,Georgia Rule,Action,02:59:57,1,Tatyana,Chambers,2014
542768,Almost Christmas,Adventure,02:59:15,3,Ishmael,Bryan,2009
345679,The Colony,Comedy,02:59:41,1,Travis,Barr,2004
582497,The Piano,Crime,02:59:23,4,Dillon,Rosales,1996
769352,Chaos,Mystery,02:59:29,4,Maia,Contreras,2014
214986,Home Alone 3,Fantasy,02:59:20,2,Jarrod,Price,2010
764518,The Choice,Historical,02:59:58,3,Meredith,Holcomb,2016
954621,Rambo III,Horror,02:59:18,1,Iola,Mcgee,1996
827146,Truth,Romance,02:59:33,1,Francis,Brock,2009
537241,Ratatouille,Adventure,02:59:41,4,Raja,Morrow,2007
496218,The Lazarus Project,Thriller ,02:59:11,3,Abigail,Mueller,1993
137264,Scarface,Crime,02:59:25,4,Harrison,Castillo,1983
247583,Dredd,Adventure,02:59:16,2,Athena,Bryant,1974
185923,The Cobbler,Comedy,02:59:37,1,Kibo,Garrison,2000
368175,Adam,Crime,02:59:12,5,Imogene,Vincent,2016
381976,Pain & Gain,Mystery,02:59:21,5,Haviva,Hudson,2014
528379,Stealing Beauty,Fantasy,02:59:57,1,Vivien,Meyers,1963
418632,Starry Eyes,Historical,02:59:55,5,Amy,Mcfadden,2017
796321,Get Out,Horror,03:00:00,2,Ali,Hurst,2017
452187,Moonlight,Romance,02:59:22,4,Deborah,Leon,1999
164958,Fly Away Home,Science and fiction,02:59:44,1,Shay,Olson,2014
657931,Alien,Horror,02:59:48,1,Valentine,Foreman,1979
198734,Sleuth,Action,02:59:29,4,Camille,Cannon,1989
142389,Malice,Adventure,02:59:37,4,Heather,Hendricks,2005
416283,Shrek,Comedy,02:59:59,1,Jaquelyn,Hicks,1985
932415,Blazing Saddles,Crime,02:59:40,2,Randall,Wong,2006
297143,Dracula,Mystery,02:59:27,1,Basia,Burnett,1999
175368,War on Everyone,Fantasy,02:59:13,1,Brielle,Aguilar,1990
587241,'71,Historical,02:59:54,5,Cora,Mercado,2004
157492,From Russia with Love,Horror,02:59:44,2,Darius,Rivers,2013
964571,Pitch Perfect 3,Romance,02:59:46,4,Hyatt,Reed,1990
531267,Day & Night,Science and fiction,02:59:22,3,Shana,Middleton,2012
784629,Following,Thriller ,02:59:43,1,Aquila,Mclaughlin,2006
123698,Under the Skin,Action,02:59:01,3,Grant,Johnston,1967
482379,Ted,Adventure,02:59:09,5,Cassandra,Sears,1978
681527,Steel Magnolias,Comedy,02:59:03,5,Avram,Carney,2015
562498,The Producers,Crime,02:59:44,3,Sybil,Glass,2002
753924,Fletch,Mystery,02:59:50,4,Brielle,Roy,2010
986275,The Last Kiss,Fantasy,02:59:45,4,Yen,Franks,2003
456978,American Beauty,Historical,02:59:18,3,Noah,Ramos,2019
196487,Rocky V,Horror,02:59:34,1,Aaron,Juarez,2014
763258,Ray,Romance,02:59:40,3,Cameron,Pearson,2015
287394,Empire State,Science and fiction,02:59:03,2,Quon,Ashley,2010
361829,Mermaids,Thriller ,02:59:55,5,Lisandra,Greene,1986
761849,Frenemies,Action,02:59:14,5,Ivory,Hansen,1998
813694,The Covenant,Adventure,02:59:45,3,Xandra,Bradshaw,2014
945286,The Producers,Comedy,02:59:25,5,Imogene,May,2002
864157,Watership Down,Crime,02:59:35,3,Ivana,Bennett,2012
925867,Cinderella,Mystery,02:59:18,4,Ferdinand,Jacobson,1999
239647,Frida,Fantasy,02:59:43,5,Hilda,Skinner,2008
365728,Unstoppable,Historical,02:59:14,5,Dillon,Trevino,2007
613728,Cabin Fever,Horror,02:59:28,5,Walter,Gilliam,2004
391647,Django Unchained,Action,02:59:00,3,Remedios,Sims,2012
825416,The Interview,Science and fiction,02:59:52,1,Summer,Tyler,2012
971863,While We're Young,Thriller ,03:00:00,3,Joseph,Dominguez,2014
857193,Death at a Funeral,Action,03:00:00,1,Cleo,Wilkins,2004
312675,The Apartment,Romance,02:59:59,4,Ryan,Mcneil,1960
152943,Jack Frost,Comedy,02:59:13,2,Skyler,Duncan,2014
524183,Spring,Crime,02:59:39,5,Yael,Ferrell,2007
293518,Barbershop,Mystery,02:59:43,3,Octavia,Pope,1977
216793,Now Is Good,Fantasy,02:59:58,4,Ariana,Goff,2015
492875,Office Space,Historical,02:59:53,2,Kirsten,Grimes,2017
728594,Braveheart,Drama,02:59:51,1,Kirestin,Duncan,1995
519782,Lions for Lambs,Romance,02:59:12,5,Gage,Odonnell,2014
934157, The Godfather,Crime,02:59:56,1,Deborah,Perez,1972
472159,Divergent,Thriller ,02:59:36,1,Jaden,Odonnell,2019
186754,The Devil Inside,Action,02:59:36,3,Bevis,Melendez,2008
536419,Annabelle,Adventure,02:59:11,1,Bernard,Carr,2007
451697,Shrek 2,Comedy,02:59:44,5,Kirsten,Kemp,2013
968354,Barbarella,Crime,02:59:01,1,Kyle,Frost,2011
192873,The Producers,Mystery,02:59:44,3,Teagan,Roth,2014
349752,Ray,Fantasy,02:59:00,4,Emerson,Ashley,2017
734165,The First Purge,Historical,02:59:48,4,Carson,Kent,1998
957461,Return to Sender,Horror,02:59:48,3,Denton,Wynn,2007
524369,Logan,Action,02:59:05,2,Macaulay,Hopper,2017
973685,X-Men,Science and fiction,02:59:49,2,Brody,Hughes,2018
729561,Playing It Cool,Thriller ,02:59:14,4,Dean,Hendrix,2007
934127,King Kong,Adventure,02:59:19,1,Keegan,Wallace,1933
975834,Shazam!,Adventure,02:59:00,4,Kelsie,Nichols,2015
391784,Eagle Eye,Comedy,02:59:31,2,Amity,Harper,2018
735169,Fred Claus,Crime,02:59:48,2,Malachi,Galloway,1997
579216,All Is Lost,Mystery,02:59:11,2,Xavier,Stanley,1988
127486,Evil Dead II,Horror,02:59:11,1,Stephen,Vinson,1987
278694,That Awkward Moment,Historical,02:59:51,4,Zenia,Henderson,2015
983157,Leatherface,Horror,02:59:11,3,Sandra,Sampson,2004
481923,The Thin Red Line,Romance,02:59:32,4,Ava,Strong,2003
769218,Mr. Bean's Holiday,Science and fiction,02:59:33,5,Daphne,Clark,2007
748193,Exorcist: The Beginning,Thriller ,02:59:48,3,Debra,Pruitt,2017
372895,The First Purge,Action,02:59:36,2,Teegan,Cook,2018
361297,Star Trek,Science and fiction,02:59:00,2,Timothy,Morgan,2009
657932,Turbo,Comedy,02:59:03,3,Zephania,Hampton,1997
137528,The 33,Crime,02:59:23,5,Oliver,Nelson,2002
154692,Life of the Party,Mystery,02:59:33,2,Aristotle,Caldwell,1999
136784,Vegas Vacation,Fantasy,02:59:42,5,Daria,Christensen,2014
345176,Bull Durham,Historical,02:59:40,3,Ann,Barr,2007
914756,The Hangover Part III,Horror,02:59:47,4,Burke,Baird,2016
324896,Pixels,Romance,02:59:00,3,Amos,Vasquez,1979
593678,Citizen Kane,Action,02:59:53,1,Sacha,Humphrey,1941
132568,The Core,Thriller ,02:59:36,2,Byron,Stevens,1991
714253,Halloween,Action,02:59:24,1,Daryl,Clements,2004
958732,Die Hard,Action,02:59:55,5,Zephr,Sellers,1988
593624,A Star Is Born,Comedy,02:59:53,2,Erich,Harvey,2010
351298,The Tailor of Panama,Crime,02:59:15,1,Isabella,Meyer,1993
431562,Double Team,Mystery,02:59:27,4,Dana,Pierce,2017
137295,Men in Black II,Fantasy,02:59:25,1,Oscar,Holland,1978
738241,Pulp Fiction,Crime,02:59:54,1,Linus,Sheppard,1994
638549,The Cobbler,Horror,02:59:56,2,Brenden,Gonzales,1993
958246,Michael Clayton,Romance,02:59:50,3,Moses,Madden,2008
612485,Passengers,Science and fiction,02:59:14,2,Leilani,Cooke,1963
691253,The Jerk,Thriller ,02:59:39,2,Joy,Wolf,2007
712458,Peeping Tom,Action,02:59:16,2,Ann,Mckay,2002
832657,What About Bob?,Adventure,02:59:45,1,Rama,Dodson,2018
128934,Spanglish,Comedy,02:59:21,1,Joseph,Reed,2017
378619,Die Another Day,Crime,02:59:09,3,Chanda,Henson,2015
469815,District 9,Action,02:59:34,1,Hilel,Clark,2009
628715,Hocus Pocus,Fantasy,02:59:03,2,Isaiah,Workman,2006
198743,02:22:00,Historical,02:59:15,2,Cody,Morrow,1998
583269,Jaws 2,Horror,02:59:56,5,Elizabeth,Francis,2012
796415,Army of Darkness,Romance,02:59:59,2,Melissa,Sexton,1999
829135,Heart and Souls,Science and fiction,02:59:40,2,Dane,Robbins,2019
679235,Australia,Thriller ,02:59:07,4,Mariam,Kidd,2012
586219,From Russia with Love,Action,02:59:58,5,Roary,Delgado,2013
314267,Rush Hour 3,Adventure,02:59:00,3,Demetria,Rowe,2002
463529,Halloween: Resurrection,Comedy,02:59:46,1,Latifah,Robles,2010
592471,GoodFellas,Crime,02:59:32,5,Kellie,Anthony,1990
281465,The Foreigner,Mystery,02:59:22,2,Timon,Nieves,2016
823679,The Gift,Fantasy,02:59:34,1,Alexander,Dudley,2000
528197,The Numbers Station,Historical,02:59:32,2,Clayton,Combs,2014
725319,Accepted,Horror,02:59:13,5,Bruno,Lopez,1976
541723,Mercury Rising,Romance,02:59:37,5,Orson,Lambert,2019
561984,Dark Shadows,Science and fiction,02:59:13,5,Kenneth,Strickland,1978
195346,Message in a Bottle,Thriller ,02:59:32,5,Amery,Dawson,2012
573412,Terminator: Dark Fate,Action,02:59:13,1,Rose,Steele,2007
237981,The Angels' Share,Adventure,02:59:12,1,Bree,Kline,2009
624397,RED 2,Comedy,02:59:55,4,Lilah,Vincent,2005
231548,White Oleander,Crime,02:59:11,5,Bernard,Hubbard,2007
298316,The Way,Mystery,02:59:18,3,Owen,Delaney,2016
914835,Hardball,Fantasy,02:59:38,4,Elliott,Clark,2002
671928,Hacksaw Ridge,Historical,02:59:42,1,Evelyn,Buckley,2012
794256,Remember the Titans,Horror,02:59:55,1,Matthew,Cummings,1997
713469,The Revenant,Action,02:59:21,1,Wallace,Mejia,2015
517423,All the President's Men,Science and fiction,02:59:13,1,Jena,Tucker,2005
543978,Shaft,Thriller ,02:59:07,1,Demetrius,Mitchell,1955
542983,Animal House,Action,02:59:50,2,Lunea,Moses,2016
154786,Maniac,Adventure,02:59:51,4,Kirk,Hutchinson,2013
768243,Psycho,Crime,02:59:40,3,Brennan,Dalton,1960
536782,Fish Tank,Crime,02:59:11,2,Madison,Goodman,1995
562798,Nanny McPhee,Mystery,02:59:06,2,Jane,Suarez,1966
932715,Enchanted,Fantasy,02:59:29,2,Dana,Johnston,1959
759813,Cabin Fever,Historical,02:59:42,1,Dieter,Branch,2014
164593,A Walk to Remember,Horror,02:59:58,5,Hedda,Lara,2007
283756,Bel Ami,Romance,02:59:31,4,Zahir,Alston,1993
147823,The Hunt,Drama,02:59:40,2,Aaron,Robertson,2012
594821,The Stuff,Thriller ,02:59:58,1,Kyle,Kramer,2016
164583,The Wedding Date,Action,02:59:48,4,Elaine,Anthony,2008
426318,The Trouble with Harry,Adventure,02:59:39,2,Minerva,Kidd,2018
329418,Bad Moms,Comedy,02:59:01,5,Candace,Levine,2014
985471,Stand Up Guys,Crime,02:59:17,2,Octavius,Baird,2012
854726,Inception,Action,02:59:34,2,Karen,Sloan,2010
973615,Cutthroat Island,Fantasy,02:59:22,4,Barclay,Harrison,2011
157843,How to Steal a Million,Historical,02:59:58,2,Kenneth,Barry,1979
593486,House on Haunted Hill,Horror,02:59:35,3,Vanna,Britt,2005
768491,That Awkward Moment,Romance,02:59:36,5,Peter,Riggs,2015
695742,No Reservations,Science and fiction,02:59:21,4,Eric,Peck,1979
845172,Sleepless in Seattle,Thriller ,02:59:53,5,Wayne,King,1997
865243,The Good Girl,Action,02:59:50,3,Nathan,Shepherd,1994
547831,Holidays,Adventure,02:59:37,4,Curran,Best,2000
745261,24: Redemption,Comedy,02:59:20,1,Otto,Roman,2014
783169,The Outsider,Crime,02:59:54,4,Malcolm,Hopper,1979
763412,Zapped,Mystery,02:59:41,5,Baxter,Reilly,1994
236189,Hit & Run,Fantasy,02:59:22,2,Martena,Schwartz,2006
897432,Interstellar,Science and fiction,02:59:43,2,Alfonso,Wyatt,2014
219648,Heat,Crime,02:59:19,4,Danielle,Woodard,1995
967235,The Muppet Movie,Romance,02:59:57,5,Winifred,Davis,2016
915473,Love Wrecked,Science and fiction,02:59:27,5,Ulla,Griffith,2003
732684,Paul Blart: Mall Cop 2,Thriller ,02:59:15,2,Zephania,Morse,2014
917658,...And Justice for All,Action,02:59:24,4,Nola,Armstrong,2013
915632,Lolita,Adventure,02:59:45,4,Hadassah,Newman,2009
673952,Forrest Gump,Comedy,02:59:26,4,Benedict,Holmes,1997
594862,Traffic,Crime,02:59:16,1,Rylee,Leach,2017
728936,The Prince,Mystery,02:59:36,3,Amal,Michael,2012
358927,1941,Fantasy,02:59:42,1,Melodie,Wynn,1999
952346,Maverick,Historical,02:59:44,3,Briar,Browning,1995
875349,Fido,Horror,02:59:26,1,Louis,Lamb,1985
329547,Goon,Romance,03:00:00,3,Coby,Walls,2016
425167,U Turn,Science and fiction,02:59:13,3,Chloe,Gay,2012
675819,War on Everyone,Thriller ,02:59:42,3,Bradley,Barnett,1986
631829,The Recruit,Action,02:59:46,2,Briar,Conway,2001
861325,Suite Française,Adventure,02:59:33,2,Hedy,Graves,1999
451327,Grown Ups 2,Comedy,02:59:08,5,Stacy,Warren,2008
513269,Brooklyn,Romance,02:59:00,2,Olympia,Hyde,2015
847152,In & Out,Mystery,02:59:58,4,Isadora,Burns,1989
947123,Power Rangers,Fantasy,02:59:29,2,Francis,Cote,1996
934167,Seven Psychopaths,Historical,02:59:20,2,Chloe,Boyd,1996
842591,But I'm a Cheerleader,Horror,02:59:17,4,Bo,Marsh,1984
415832,Screamers,Romance,02:59:13,1,Kelly,Sharp,2015
631287,Weird Science,Science and fiction,02:59:24,3,Kamal,Keller,2003
764832,The Monster,Thriller ,02:59:31,1,Joan,Hoover,2014
231645,John Carter,Action,02:59:12,2,Jena,Travis,2012
518296,Sid & Nancy,Adventure,02:59:16,3,Clare,Estes,2014
135498,Planet of the Apes,Comedy,02:59:45,5,Conan,Taylor,1998
162793,The Astronaut's Wife,Crime,02:59:00,4,Anne,Gomez,2018
683249,Transporter 3,Mystery,02:59:20,5,Preston,Glass,2012
149325,Dog Day Afternoon,Fantasy,02:59:22,1,Orlando,Kerr,2000
876952,Driving Miss Daisy,Historical,02:59:29,4,Fuller,Good,1998
817493,That Thing You Do!,Horror,02:59:32,2,Irene,Patel,2010
318295,A Close Shave,Romance,02:59:34,4,Violet,Roy,2004
129678,The Terminator,Science and fiction,02:59:01,2,Zia,York,2001
893452,Chappie,Thriller ,02:59:16,5,Cheyenne,Forbes,2009
578429,Cabin Fever,Action,02:59:00,5,Ignacia,Ruiz,2005
518794,Testament of Youth,Adventure,03:00:00,4,Irma,Hood,2006
478136,Fight Club,Drama,02:59:01,3,Luke,Merritt,1999
546198,Fury,Crime,02:59:29,3,Fuller,Poole,2015
312687,Lethal Weapon 4,Mystery,02:59:18,5,Imani,Weaver,2003
491578,Zoe,Fantasy,02:59:14,1,Nissim,Coleman,1982
367519,This Is 40,Historical,02:59:20,1,Jordan,Mccoy,1962
623985,Autumn in New York,Horror,02:59:20,3,Ivan,Brennan,1977
534726,The Horse Whisperer,Romance,02:59:01,1,Yvonne,Moon,2008
253487,Piranha 3D,Science and fiction,02:59:57,1,Barrett,Knowles,2008
653417,Birth,Thriller ,02:59:21,3,Tasha,Turner,2009
795312,A Beautiful Mind,Action,02:59:12,3,Shellie,Bond,1998
537149,The Damned United,Adventure,02:59:25,1,Matthew,Diaz,2018
835712,Valiant,Comedy,02:59:18,5,Angelica,Holden,2013
891672,Flyboys,Crime,02:59:40,5,Demetrius,Beasley,2004
759412,Homefront,Mystery,02:59:24,3,Carla,Forbes,1988
129473,Danny Collins,Fantasy,02:59:18,1,Yen,Shields,1998
418579,Wrong Turn,Historical,02:59:28,1,Leo,Carey,2011
426197,Sophie's Choice,Horror,02:59:38,1,Prescott,Giles,2001
851697,The Longest Day,Romance,02:59:10,3,Cullen,Garcia,2015
128436,The Duellists,Science and fiction,02:59:23,2,Candice,Hyde,2014
192764,Made of Honor,Thriller ,02:59:51,5,Phyllis,Hester,1981
539826,Nights in Rodanthe,Action,03:00:00,2,Kaitlin,Torres,1988
528674,Labor Pains,Adventure,02:59:38,3,Orson,Cabrera,2011
345712,Celebrity,Comedy,02:59:37,2,Uriah,Suarez,1995
356298,Back to the Future,Science and fiction,02:59:25,2,Willa,Russo,1985
461753,Taxi Driver,Crime,02:59:44,3,Jillian,Ellis,1976
351687,Mysterious Skin,Fantasy,02:59:01,4,Hayes,Christian,2015
182546,Tequila Sunrise,Historical,02:59:51,2,Garrison,Murphy,1985
245193,The Lion King,Adventure,02:59:34,3,Jonah,Romero,1994
893246,Arrival,Science and fiction,02:59:47,1,Caryn,Cherry,2016
459326,Save the Last Dance,Science and fiction,02:59:44,5,Julie,Cunningham,2013
681732,Z for Zachariah,Thriller ,03:00:00,5,Julian,Lynch,2005
632789,Playing It Cool,Action,02:59:24,5,Lareina,Day,1999
617382,On Golden Pond,Adventure,02:59:59,1,Beck,Sellers,2019
198273,Die Hard,Comedy,02:59:29,4,Genevieve,Clarke,2004
691874,The Big Year,Crime,02:59:10,4,Solomon,Reynolds,2018
687125,Now and Then,Mystery,02:59:12,5,Zane,Stephens,1984
475238,Into the Blue,Fantasy,02:59:58,4,Mia,Pugh,1983
912857,Colombiana,Historical,02:59:23,1,Fitzgerald,Short,2013
896451,Freeheld,Horror,02:59:02,5,Melanie,George,2009
824675,Real Genius,Romance,02:59:46,5,Thane,Guerra,2004
643527,The Ones Below,Science and fiction,02:59:33,4,Cora,Blackwell,2007
347965,WALL·E,Adventure,02:59:12,4,Tyler,Kirk,2008
857923,The East,Action,02:59:05,5,Tobias,Blair,2004
934527,The Amityville Horror,Adventure,02:59:43,2,Carter,Robertson,2003
178625,Double Jeopardy,Comedy,02:59:47,1,Cameron,Mcbride,2006
914586,Lincoln,Historical,02:59:14,1,Maris,Gould,2012
685134,After the Sunset,Mystery,02:59:20,4,Gail,Clarke,2009
913856,The Outsider,Fantasy,02:59:23,2,Megan,Avila,1995
813726,Sixteen Candles,Historical,02:59:47,4,Bevis,Benjamin,2000
947521,Sleepaway Camp,Horror,02:59:36,5,Ila,Richard,2017
371284,The Thing,Horror,02:59:53,2,Rigel,Blanchard,1982
395217,Knowing,Science and fiction,02:59:14,1,Jaime,Mcpherson,2008
613485,Along Came Polly,Thriller ,03:00:00,4,Ezra,Harrington,2003
948635,Music and Lyrics,Action,02:59:02,1,Barclay,Beasley,2012
243518,Acrimony,Adventure,02:59:01,2,Quail,Marquez,1997
214375,The Bourne Supremacy,Comedy,02:59:08,3,Austin,Richards,2013
237148,Gothika,Crime,02:59:51,2,Kyla,Hoffman,2011
429731,Happily N'Ever After,Mystery,02:59:31,4,Hadley,Carney,2003
287135,Gummo,Fantasy,02:59:02,4,Leo,Shaw,2015
647193,Desert Flower,Historical,02:59:18,3,Kimberly,Albert,2018
867394,Kill Bill: Vol. 2,Action,02:59:58,4,Paul,Stone,2004
493617,The Tigger Movie,Romance,02:59:18,5,Karina,Velazquez,1964
324517,The Shape of Water,Science and fiction,02:59:23,1,Gannon,Ramirez,1950
561324,The Little Mermaid,Thriller ,02:59:13,1,Eve,Henry,2018
485672,The Hurt Locker,Action,02:59:57,3,Kamal,Lambert,1939
256497,Basic,Adventure,02:59:59,1,Castor,Mills,2001
863914,Bait,Comedy,02:59:35,1,Tad,Swanson,2007
671583,Cop Land,Crime,02:59:39,2,Michelle,Mccarthy,1995
825961,Charlie Countryman,Mystery,02:59:53,5,Thaddeus,Williamson,2004
149762,The Dark Knight,Action,02:59:59,3,Idola,Mills,2008
913826,Down with Love,Historical,02:59:29,2,Nadine,Bartlett,1967
473915,The Witch,Horror,02:59:58,3,Unity,Langley,2013
156439,The Sisters Brothers,Romance,02:59:40,2,Emily,Norman,2015
597462,The Escort,Science and fiction,02:59:28,3,Hilary,Spence,2002
734856,Mary Poppins,Thriller ,02:59:20,3,Rashad,Ellison,1998
359672,The Asphalt Jungle,Action,02:59:19,2,Henry,Kirby,2014
129567,I Still See You,Adventure,02:59:45,3,Nash,Spears,2008
328546,Stagecoach,Comedy,02:59:54,3,Solomon,Wallace,1999
723658,Legally Blonde,Crime,02:59:13,1,Mona,Williamson,1998
649815,Shelter,Mystery,02:59:13,4,Raven,Boyd,2014
395678,Vampire in Brooklyn,Fantasy,02:59:37,3,Quin,Prince,2000
317489,Jurassic Park,Action,02:59:14,4,Nissim,Hicks,1993
283749,In Time,Horror,02:59:14,5,Jasmine,Haley,1996
591268,The Dirty Dozen,Romance,02:59:58,2,Amena,Gill,2013
165382,RED 2,Science and fiction,02:59:52,1,Brent,Kelly,2001
143296,Air,Thriller ,02:59:29,4,Nolan,Perkins,2013
273169,White Oleander,Action,02:59:10,1,Vivian,Simmons,1995
378452,City of Angels,Adventure,02:59:31,5,Lucian,Mccarty,2017
589273,Predestination,Comedy,02:59:53,2,Paloma,Meadows,2013
613945,The Terminator,Crime,02:59:32,4,Emi,Sullivan,1984
285934,The 13th Warrior,Mystery,02:59:07,4,Harrison,Wyatt,2018
651874,Fallen,Fantasy,02:59:23,1,Hilel,Mann,1991
521839,The Interview,Historical,02:59:25,1,Delilah,Buckner,2016
548317,Downfall,Drama,02:59:12,1,Wade,Cotton,2004
214986,Man of Tai Chi,Romance,02:59:54,2,Yoko,King,2015
792685,Superman,Action,02:59:05,1,Wyatt,Lee,1978
829675,Inside Llewyn Davis,Thriller ,02:59:25,3,Lamar,Crawford,1995
598243,Don't Say a Word,Action,02:59:17,2,Blossom,Patrick,2014
591247,Vertigo,Romance,02:59:04,5,Naomi,Douglas,1958
463971,Smoke,Comedy,02:59:15,4,Dawn,Briggs,2015
197468,Stronger,Crime,02:59:12,3,Giselle,Rocha,2012
648572,Gladiator,Historical,02:59:19,3,Herman,Robinson,2000
685173,Cat People,Fantasy,02:59:00,2,Salvador,Williams,2000
748612,The Favourite,Historical,02:59:30,2,Griffin,Pruitt,2018
419382,Blade Runner,Action,02:59:55,5,Leo,Ruiz,1982
486735,Money Monster,Romance,02:59:56,4,Elvis,Nunez,2016
269417,The Rules of Attraction,Science and fiction,02:59:37,2,Rhea,Ramos,2002
481937,The Hateful Eight,Thriller ,02:59:17,4,Xanthus,Brooks,2015
274915,Day of the Dead,Action,02:59:04,2,Maite,Garcia,1985
256193,Nick of Time,Thriller ,02:59:58,1,Johnny,Depp,1995
784195,Outcast,Comedy,02:59:54,2,Clementine,Blanchard,2014
142375,Due Date,Crime,02:59:04,4,Jaden,Clayton,2010
796382,Freeheld,Mystery,02:59:18,3,Hoyt,Hudson,2015
729653,Zero Dark Thirty,Fantasy,02:59:57,4,Amir,Webb,2012
352486,The Wicker Man,Historical,02:59:13,3,Macon,Trujillo,1973
716392,Baywatch,Comedy,02:59:43,2,Dwayne,Johnson,2017
182374,Hercules,Action,02:59:10,3,Dwayne,Johnson,2014
