384721,Transformers:Prime,Action,1,Dwayne,Johnson,6,2010
468157,Breaking Bad,Fantasy,1,Jakeem,Logan,10,2008
695237,American Vandal,Historical,3,Brianna,Caldwell,7,2007
813249,Marvel's Runaways,Horror,4,Eliana,Eliana,8,2016
345291,Lifeline,Science and fiction,3,Dwayne,Johnson,1,2017
738416,Almost Human,Science and fiction,3,Abra,Freya,1,2015
516827,Rose Red,Thriller ,4,Noah,Jermaine,2,2001
941573,Californication,Action,2,Bradley,Ferris,7,1991
958167,Home Before Dark,Adventure,2,Chaim,Kameko,9,2019
815492,Conan,Comedy,3,Melvin,Anjolie,1,1941
936512,Marvel's Inhumans,Crime,1,Audrey,Reuben,1,2017
573461,Prison Break,Mystery,5,Ishmael,Abra,3,2013
195274,DuckTales,Fantasy,3,Carol,Juliet,6,2000
758124,The Incredible Hulk,Historical,3,Rahim,Holmes,8,1999
618592,The Goldbergs,Horror,4,Tad,Harlan,8,1986
682391,Fear the Walking Dead,Romance,5,Hedy,Vivien,5,2016
351687,Magnificent Century,Science and fiction,4,Vivien,Charles,5,2019
219738,Intelligence,Thriller ,1,Ulla,Anika,8,2017
219846,Cable Girls,Action,3,Lillian,Kaseem,4,2004
496257,The Last Man on Earth,Adventure,3,Ella,Mallory,5,2013
936214,Game of Thrones,Action,5,Warren,Zahir,9,2011
184759,21 Jump Street,Drama,3,Johnny,Depp,5,1987
748691,Without a Trace,Mystery,5,Ainsley,Ori,3,2017
571962,Beauty and the Beast,Fantasy,1,Reed,Briar,7,2003
312957,Altered Carbon,Historical,3,Ingrid,Madeline,10,2019
176492,Breaking Bad,Crime,2,Dale,Gil,6,2008
685723,The Borgias,Romance,2,Ross,Rowan,5,2008
825463,Dragon Ball Super,Science and fiction,2,Tara,Jarrod,9,2004
342197,Firefly,Thriller ,5,Kermit,Scarlett,3,2000
467215,The Killing,Action,3,Cynthia,Wang,5,2016
283641,Ash vs Evil Dead,Adventure,3,Keefe,Damian,4,2006
132785,King of the Hill,Comedy,2,Johnny,Depp,10,1997
256173,Downton Abbey,Crime,5,Baker,Odette,7,2017
795163,Stargate SG-1,Mystery,4,Hilda,Raymond,10,1992
684529,Hunters,Fantasy,1,Ferris,Dorothy,7,2018
153897,Snowfall,Historical,1,Gil,Howard,8,2002
941683,Kill la Kill,Horror,4,Ann,Lev,3,2017
397148,The Walking Dead,Action,1,Ryan,Gosling,6,2010
658193,Lucifer,Science and fiction,1,Michelle,Shafira,2,2005
532174,Bored to Death,Thriller ,4,Kermit,Len,2,2002
641358,Mom,Action,1,Serina,Gail,9,1985
298436,Breaker High,Drama,2,Ryan,Gosling,1,1997
392158,Goosebumps,Comedy,2,Emi,Victoria,1,2019
564281,Nashville,Crime,4,Ulric,Ava,3,2013
165249,You're the Worst,Mystery,3,Ivana,Fleur,1,1998
582794,Case Closed,Fantasy,2,Haviva,Halla,8,2011
762193,Terra Nova,Historical,2,Kai,Zeus,6,1957
438157,Mob Psycho 100,Horror,1,Erica,Sonya,3,2014
485693,Everybody Hates Chris,Romance,5,Noelle,Joel,9,2009
384215,Ascension,Science and fiction,4,Hashim,Clare,3,2000
791286,Unforgettable,Thriller ,3,Martena,Gemma,4,2008
734619,Bones,Action,3,Emery,Hu,10,1984
234596,Happy Valley,Adventure,3,Aladdin,Mercedes,9,2014
718294,The Dragon Prince,Comedy,3,Harlan,Fletcher,8,2012
573694,Marvel's Luke Cage,Crime,3,Maia,Emerald,5,2004
537284,Sherlock Holmes,Mystery,4,Maxwell,Mechelle,7,2016
183976,Ragnarok,Fantasy,3,Ulric,Brock,1,2013
798536,QI,Historical,3,Ebony,Noelani,9,2010
183495,The Mandalorian,Horror,3,Briar,Olga,6,2011
256318,Wynonna Earp,Romance,4,Aquila,Ian,1,2000
587692,True Blood,Science and fiction,5,Virginia,Haley,5,2014
541896,Attack on Titan,Thriller ,2,August,Nehru,5,2003
842167,The Gifted,Action,2,Claudia,Jonas,10,2016
673548,Samurai Champloo,Adventure,3,Elijah,Yael,9,1983
842793,Dead Set,Comedy,1,Branden,Jason,9,1995
832671,Dark,Crime,1,Jada,Hamilton,7,2004
457196,Sherlock,Mystery,3,Heidi,Eric,7,2010
936415,Death Note,Fantasy,5,Hilary,Elliott,5,2001
852396,Band of Brothers,Historical,3,Hasad,Hedy,3,2003
452389,Siren,Horror,4,Nerea,Wallace,3,2011
642793,Stargate Atlantis,Romance,5,Ignatius,George,10,1992
978125,Awake,Science and fiction,4,Cyrus,Phillip,9,2011
416273,FLCL,Thriller ,4,Rafael,Maggy,1,2000
534162,Switched at Birth,Action,3,Sierra,Harper,3,2009
352497,Sin senos sí hay paraíso,Adventure,3,Flynn,Miriam,6,2008
732859,Sons of Anarchy,Comedy,3,Maia,Hayes,3,2017
236798,Locke & Key,Crime,4,Tamekah,Chelsea,10,2011
864597,DC's Legends of Tomorrow,Mystery,3,Morgan,Dara,3,1997
638497,Digimon Adventure:,Fantasy,3,Germaine,Shad,3,2017
531924,The Cosby Show,Historical,3,Lester,Felix,10,1993
427935,NCIS: New Orleans,Horror,2,Zorita,Marshall,10,1990
389461,Rome,Romance,2,Jenna,Logan,9,2011
452971,Lost,Drama,2,Patricia,Neve,10,2004
469512,American Vandal,Thriller ,2,Zachery,Todd,8,1998
683759,Marvel's Runaways,Action,2,Judah,Griffith,2,2006
671328,Tales from the Crypt,Adventure,1,Scott,Amanda,2,2009
185263,El Chapo,Comedy,5,Nolan,Teagan,2,2017
814276,Parks and Recreation,Crime,2,Cain,Keely,3,1988
423567,Orange Is the New Black,Mystery,4,Hannah,Chadwick,8,1996
685291,Perception,Fantasy,4,Samuel,Brenda,3,2008
286947,Batman,Historical,2,Honorato,Rowan,1,2008
231967,Californication,Horror,1,Camilla,Hedwig,9,2013
192786,Jericho,Romance,4,Armando,Judah,7,2015
592137,Arrow,Action,1,Yetta,Avram,8,2012
129675,Prison Break,Thriller ,3,Molly,Keefe,6,2019
382571,Marvel's Inhumans,Action,2,Jeanette,Myles,7,2004
768351,DuckTales,Adventure,4,Tiger,Tallulah,9,2009
126573,The Incredible Hulk,Comedy,4,Faith,Harlan,4,2017
179456,Coupling,Crime,4,Quin,Jerome,2,2004
178243,Shades of Blue,Mystery,5,Ishmael,Deacon,6,2004
289641,Family Guy,Fantasy,3,Brendan,Astra,8,2008
437521,The Last Man on Earth,Historical,4,Basil,Dahlia,9,1992
126497,House M.D.,Drama,4,Brenden,Karina,2,2004
923865,Altered Carbon,Romance,5,Emily,Basia,3,1970
362154,The Shining,Science and fiction,1,Charles,Avye,10,2002
861479,Scandal,Thriller ,5,Clark,Amos,9,1981
193456,The 4400,Action,3,Idona,Hamilton,1,2019
264539,Revenge,Adventure,3,Maile,Gay,6,2018
854167,Hunters,Comedy,4,David,Vanna,4,2011
785632,Adventure Time,Crime,2,Peter,Jolene,10,2007
214657,Real Time with Bill Maher,Mystery,1,Dustin,Leandra,1,2010
357948,The Vampire Diaries,Fantasy,5,Aurora,Jayme,5,2016
925378,Red Dwarf,Historical,5,Belle,Brandon,2,2008
795816,Family Matters,Horror,4,Wang,Hadassah,1,1980
871652,Supernatural,Fantasy,2,Ebony,Gregory,4,2005
465713,King of the Hill,Science and fiction,5,Cade,Brynn,10,2010
328691,See,Thriller ,5,Lev,Dustin,6,2018
921478,CatDog,Action,5,Chester,Teagan,7,2014
754381,The Legend of Korra,Adventure,5,Gwendolyn,Hilda,3,1993
597138,Pokémon,Comedy,3,Deborah,Kirsten,10,2006
814596,Lost,Crime,5,Adam,Kelly,5,1999
829513,Neverland,Mystery,3,Wyoming,Jemima,3,2007
487193,Homeland,Drama,1,Maris,Karly,6,2011
943751,Case Closed,Historical,1,Cheryl,Armand,6,2017
823415,Blue Mountain State,Horror,4,Alvin,Duncan,4,2005
673249,The Magicians,Romance,2,Connor,Bree,4,2004
893712,Mob Psycho 100,Science and fiction,1,Reagan,Tiger,6,2008
214587,Star Wars: The Clone Wars,Thriller ,2,Ian,Nero,9,1987
438576,The Exorcist,Action,5,Wesley,Lee,7,2011
246137,F is for Family,Adventure,5,Carter,Brian,5,2019
832164,Master of None,Comedy,5,Raphael,Cassandra,1,2015
143687,Unforgettable,Crime,3,Graiden,Ethan,8,1990
956231,Bones,Mystery,4,Ursula,Irma,7,2010
625498,Moonlighting,Fantasy,4,Carlos,Carissa,2,2000
854236,Star vs. the Forces of Evil,Historical,5,Urielle,Alyssa,1,2000
158429,Justice League Unlimited,Horror,2,Zoe,Warren,7,1995
197463,Marvel's Luke Cage,Romance,4,Ashely,Curran,8,1957
719324,Reign,Science and fiction,3,Dahlia,Hiram,10,2003
582164,Daredevil,Action,4,Hilary,Amos,7,2015
541893,One Tree Hill,Action,2,Erica,Quemby,10,2019
954386,Saved by the Bell,Adventure,3,Merritt,Raja,5,2015
235748,Taboo,Comedy,4,Guy,Paul,8,2002
715369,The Mandalorian,Crime,5,Brenna,Hayden,6,2019
475693,Samurai Jack,Mystery,3,Ciaran,Susan,10,1982
928463,Jackie Chan Adventures,Fantasy,2,Amos,Kimberly,6,1994
932567,X-Men,Historical,1,Ezra,Breanna,6,2010
948352,True Blood,Horror,1,Georgia,Trevor,6,2011
839156,Hey Arnold!,Romance,5,Upton,Fuller,1,2018
951872,Attack on Titan,Science and fiction,3,Mollie,Germane,4,2015
729856,Dark,Thriller ,4,Emery,Clark,3,1962
641385,Stargate Atlantis,Action,3,Caleb,Latifah,6,2011
432169,Life on Mars,Adventure,3,Brent,Rooney,8,1972
731869,The 10th Kingdom,Comedy,2,Xavier,Hiram,9,2008
674839,Sons of Anarchy,Crime,1,Mason,Burke,7,1993
718594,Locke & Key,Mystery,4,Abbot,Shannon,7,2013
785496,Scrubs,Fantasy,3,Cathleen,Lacy,8,1967
457629,JAG,Historical,2,Kevyn,Adria,4,2000
687392,American Horror Story,Horror,2,Angela,Tyler,10,2011
412389,The Pink Panther Show,Romance,1,Alana,Vance,10,2017
267485,Goliath,Science and fiction,5,Judah,Rudyard,8,2007
678342,Rome,Thriller ,4,Russell,Ruth,8,2016
985247,Marvel's Runaways,Action,4,Amela,Leroy,7,2013
937428,Line of Duty,Adventure,1,Benedict,Cyrus,5,1993
248917,American Gods,Comedy,2,Elmo,Autumn,5,2005
416825,El Chapo,Crime,4,Kelly,Anika,2,1997
783614,Star Wars Rebels,Mystery,1,Carter,Nerea,9,2016
729513,Atypical,Fantasy,3,Jin,Armando,4,1988
243986,Hannah Montana,Historical,1,Kane,Kyle,8,2015
124795,Orange Is the New Black,Horror,5,Ariel,Shelly,5,2008
685172,Spartacus,Romance,2,Murphy,Quentin,1,2008
169745,Cowboy Bebop,Science and fiction,2,Cheryl,Haley,2,2017
913745,Justice League,Thriller ,2,Jennifer,Chanda,7,2012
345967,Perception,Action,2,Owen,Samson,10,2014
537918,High School DxD,Adventure,2,Nathaniel,John,2,2009
918257,Will & Grace,Comedy,2,Xyla,Baxter,3,2004
149583,Tin Man,Crime,1,Maris,Paloma,6,1996
861435,Conan,Mystery,3,Chester,Vladimir,7,2014
921635,The Sinner,Fantasy,3,Curran,Neil,10,2010
948617,DuckTales,Historical,2,Zephania,Indira,5,2016
624713,The Incredible Hulk,Horror,5,Daria,Keith,5,1996
721683,M*A*S*H,Romance,4,Jesse,Knox,6,2009
516783,Saint Seiya,Science and fiction,1,Kiona,Ryder,2,2007
285341,Vikings,Action,5,Leandra,Brynn,1,2013
892134,Legacies,Action,4,Orlando,Brody,3,2001
465317,Altered Carbon,Adventure,2,Karly,Anika,5,1974
527963,Lie to Me,Comedy,2,Bevis,Quentin,5,2000
812973,Dragon Ball Super,Crime,4,Leila,Oprah,1,2016
259481,The Returned,Mystery,5,Amelia,Baker,4,2014
146389,Ash vs Evil Dead,Fantasy,4,Lionel,James,6,1963
479612,Eureka,Historical,4,David,MacKenzie,10,2017
923154,Agatha Christie's Poirot,Horror,1,Steel,Ahmed,8,2010
176953,The Good Place,Romance,1,Macon,Wallace,1,1999
613842,Red Dwarf,Science and fiction,3,Lewis,Damian,9,2014
541896,Kill la Kill,Thriller ,5,Dieter,Knox,5,2012
623194,The Sopranos,Crime,5,Berk,Colette,7,1999
658174,Lucifer,Adventure,4,Dolan,Darryl,4,2005
645139,Hell's Kitchen,Comedy,2,Phelan,Xanthus,1,1985
317245,Pokémon,Crime,2,Philip,Jescie,8,2006
536918,Lost,Mystery,3,Jenette,Rooney,4,1999
657234,Dexter's Laboratory,Fantasy,4,Cyrus,Thane,10,1990
265938,You're the Worst,Historical,5,Wyoming,Harding,7,2004
285631,Da Vinci's Demons,Horror,2,Lillian,Hedwig,6,2013
716859,Blue Mountain State,Romance,3,Kelly,Latifah,7,1990
684953,The Magicians,Science and fiction,4,Clarke,Karen,6,2012
837514,Mob Psycho 100,Thriller ,4,Regan,Upton,7,2006
498621,La Doña,Action,1,Camden,Jaime,7,1967
641725,F is for Family,Adventure,3,Lillith,Phelan,5,1978
615297,The Seven Deadly Sins,Comedy,3,Blythe,Kasimir,3,2015
261985,Ascension,Crime,4,Paki,Fay,6,2002
637491,New Girl,Mystery,5,Abraham,Winifred,5,2010
963278,Stargate Universe,Fantasy,2,Phyllis,Hilel,5,2003
937685,Happy Valley,Historical,2,Nomlanga,Ashton,7,2019
597862,Star vs. the Forces of Evil,Horror,5,Rigel,Patrick,1,2014
189362,Titans,Romance,1,Jermaine,Mia,7,2015
319678,The Dragon Prince,Science and fiction,4,Ginger,Oprah,6,2010
354279,Sword Art Online,Thriller ,5,Inez,Malik,5,1986
237194,Ragnarok,Action,4,Aphrodite,Kelly,2,1998
593821,Codename: Kids Next Door,Adventure,4,Ronan,Savannah,2,2014
832457,The Fairly OddParents,Comedy,2,Caleb,Coby,3,2002
841267,Saved by the Bell,Crime,1,Adele,Deanna,10,2012
658429,Taboo,Mystery,1,Declan,Cynthia,9,1999
291367,Mad Men,Fantasy,5,Nomlanga,Robin,2,2008
147582,The Mandalorian,Historical,1,Katelyn,Serena,3,2007
365421,Black Books,Horror,3,Dante,Fallon,8,2004
496287,Samurai Jack,Romance,2,Mercedes,Zahir,10,2014
127986,Under the Dome,Science and fiction,3,Yasir,Rhoda,9,2012
918547,V,Thriller ,1,Piper,Gretchen,2,2014
793468,Wynonna Earp,Action,2,Rose,Lila,3,2004
278134,Dracula,Adventure,2,Quynn,Gray,8,1968
137265,Marvel's Daredevil,Comedy,2,Zachary,Melvin,6,2014
754893,Attack on Titan,Crime,5,Chester,Lyle,3,2007
876459,The Gifted,Mystery,1,Cassandra,Anthony,3,1977
516492,The Flash,Action,2,Howard,Reece,4,2014
318794,Longmire,Historical,3,Nevada,Gabriel,8,2017
218357,Death Note,Horror,2,Tatiana,Maris,1,2000
654792,Salvation,Romance,3,Rhiannon,Zahir,4,2014
237849,The Wonder Years,Science and fiction,1,Raphael,Caesar,10,2015
829547,Westworld,Thriller ,4,Christine,Ivor,6,2019
842953,Band of Brothers,Action,4,Jocelyn,Steel,4,2008
783564,The Alienist,Adventure,3,Hilary,Colette,8,2007
863427,Goblin Slayer,Comedy,1,Keely,Amena,6,2013
486527,Insatiable,Crime,5,Xyla,Ulla,4,2011
672853,CSI: Miami,Mystery,1,Timothy,Byron,5,2014
362594,Fresh Off the Boat,Fantasy,2,Charissa,Courtney,10,2017
523846,Spartacus,Historical,4,Blythe,Rudyard,2,2010
273649,Ghost Adventures,Horror,2,Rebecca,Lynn,8,2007
872593,Steins;Gate,Romance,2,Sean,Venus,7,2004
572186,The Office,Science and fiction,2,Genevieve,Carson,4,2018
923154,Constantine,Thriller ,4,Driscoll,Stacy,7,2007
148657,Looking for Alaska,Action,1,Kathleen,Noelani,6,2013
316492,Quantico,Adventure,1,Geraldine,Rae,3,2015
482315,True Detective,Comedy,1,Deanna,Wilma,9,2018
317845,Marvel's Runaways,Crime,1,Idona,Timon,4,1997
869143,Tales from the Crypt,Mystery,3,Emi,Kathleen,9,1988
754261,My Wife and Kids,Fantasy,3,Hanna,Hedley,4,2013
314897,Star Wars Rebels,Historical,2,Ila,Daryl,9,2015
513489,Cowboy Bebop,Horror,1,Mohammad,Delilah,10,2004
745281,Weeds,Romance,1,Stone,Vance,10,2003
137569,High School DxD,Science and fiction,3,Quinn,Ulric,4,2007
946251,Mr. Bean,Thriller ,3,Fatima,Macy,7,2017
531928,Quantum Leap,Action,4,Kyle,Herman,7,2018
218746,When They See Us,Adventure,1,Hayden,Nevada,9,2001
471683,Mindhunter,Comedy,5,Herrod,Peter,6,1997
169435,Home Before Dark,Crime,1,Maya,Damian,3,2002
261483,The Handmaid's Tale,Mystery,4,Tarik,Fulton,2,1999
958364,The Sinner,Fantasy,3,Rae,Courtney,2,2014
831274,DuckTales,Historical,4,Jakeem,Odessa,6,2007
781523,American Dad!,Horror,3,Paul,Callum,10,2016
698274,Magnificent Century,Romance,3,Kadeem,Eaton,1,1979
526184,Cable Girls,Science and fiction,5,Philip,Merritt,9,1960
723198,Hannibal,Horror,4,Troy,Christian,10,2013
348256,Beauty and the Beast,Action,1,Aileen,Brock,8,2004
879235,The Borgias,Adventure,4,Suki,Risa,3,2002
637254,Scream: The TV Series,Comedy,3,Kai,Rudyard,5,2010
791623,Firefly,Crime,2,Ava,Vance,1,1993
637924,Scandal,Mystery,1,Tatyana,Miranda,8,2017
927814,The Killing,Fantasy,1,Nicole,Chaim,10,1978
529817,Homeland,Historical,4,Beau,Yardley,7,1992
619523,Ash vs Evil Dead,Horror,3,Garrett,Tasha,2,1993
417936,"Walker, Texas Ranger",Romance,4,Wynter,Diana,10,2008
738654,Haikyu!!,Science and fiction,4,Irene,Blake,8,1963
527394,Adventure Time,Thriller ,5,Joseph,Lee,8,2007
172683,Eureka,Action,1,Nicole,Caryn,8,2002
945681,Mr. Robot,Drama,1,Kiara,Jessamine,1,2015
324719,Saturday Night Live,Comedy,5,Hiram,Ann,6,2017
621947,Snowfall,Crime,4,Lucian,Gail,3,2015
914537,Supernatural,Mystery,3,Thane,Cameron,8,2013
127596,The Order,Fantasy,5,Cecilia,Lee,9,2006
829145,See,Historical,5,Latifah,Risa,4,1998
897216,Santa Clarita Diet,Horror,4,Teegan,Naida,7,2012
578296,The Andromeda Strain,Romance,2,Demetrius,Declan,8,1999
157498,The Legend of Korra,Science and fiction,1,Grady,Kevin,7,2019
539867,Pokémon,Thriller ,5,Maggy,Melyssa,10,2012
623145,Mom,Action,5,Xyla,Zorita,1,2013
971658,Lost,Adventure,2,Robin,Finn,8,2002
294785,Goosebumps,Comedy,3,Carson,Ciara,10,2010
943862,Case Closed,Crime,2,Abel,Sydnee,6,2001
527486,Terra Nova,Mystery,3,Teegan,Rosalyn,1,2016
345176,Mob Psycho 100,Fantasy,2,Anika,Jared,7,2000
954687,Highschool of the Dead,Historical,2,Garrison,Declan,6,2014
497152,The Seven Deadly Sins,Horror,4,Thomas,Miriam,4,1976
627315,Futurama,Comedy,2,Hedley,Phelan,8,1999
439785,Black Mirror,Science and fiction,3,Carolyn,Cameron,2,1978
316982,Bones,Thriller ,4,Raja,Doris,3,2012
498625,The X Files,Mystery,3,Germane,Dai,9,1993
941286,Star vs. the Forces of Evil,Adventure,2,Yoko,Erin,10,2009
329715,"Scooby-Doo, Where Are You?",Comedy,3,Lila,Shelley,1,2005
714326,Sword Art Online,Crime,1,Alan,Nasim,9,2007
976138,Poldark,Mystery,5,Dacey,Judith,7,2016
316845,The Fairly OddParents,Fantasy,2,Rhona,Lewis,3,2002
579263,Gossip Girl,Historical,2,Mollie,Jeremy,2,2012
674195,Mad Men,Horror,1,Joy,Kamal,6,1997
652394,Under the Dome,Romance,1,Fallon,Renee,9,1985
157432,V,Science and fiction,4,Elizabeth,Zeus,5,2005
631875,Rizzoli & Isles,Thriller ,5,Burke,Mikayla,2,1955
235786,Wynonna Earp,Action,2,Fitzgerald,Brian,2,2016
583169,Steven Universe,Adventure,1,Sierra,Nicholas,9,2013
641987,Last Man Standing,Comedy,5,Courtney,Wanda,1,2016
594238,Attack on Titan,Crime,3,Camden,Geoffrey,7,1995
281943,Dark,Mystery,1,Hakeem,Alea,10,1966
876394,Steins;Gate,Fantasy,1,Tyrone,Pearl,7,1959
632851,Lonesome Dove,Historical,5,Noble,Gray,9,2014
782349,Looking for Alaska,Horror,1,Oleg,Gannon,2,2007
397518,Gotham,Crime,5,Alden,Nita,8,2014
874263,Marvel's Runaways,Science and fiction,3,Daquan,Carly,2,2002
456973,Tales from the Crypt,Thriller ,3,Knox,Nero,3,2016
352487,Silicon Valley,Action,1,Cadman,Alden,3,2008
756492,Cowboy Bebop,Adventure,2,Justin,Kristen,7,2018
285961,Weeds,Comedy,5,Diana,Holmes,4,2014
458271,Mr. Bean,Crime,5,Shelly,Nicholas,5,2012
931684,Future Man,Mystery,3,Alisa,Jane,8,2015
918674,Mindhunter,Fantasy,4,Fitzgerald,Stuart,2,2011
265471,The Handmaid's Tale,Historical,4,Orlando,Beverly,10,1979
527813,The Goldbergs,Horror,2,Britanney,Skyler,3,2005
623749,The Passage,Romance,4,Harlan,Hayes,9,2015
142876,Magnificent Century,Science and fiction,2,Rhoda,Aphrodite,8,1979
274513,Battlestar Galactica,Action,5,Jerry,Brielle,5,2004
591632,Family Guy,Action,4,Fuller,Logan,6,1994
926458,The Last Man on Earth,Adventure,1,Callum,Quinn,7,2000
691578,Fawlty Towers,Comedy,4,Helen,Herman,5,2014
896357,Without a Trace,Crime,3,Serina,Iola,5,1979
163845,Lie to Me,Mystery,3,Barclay,Porter,1,1994
694815,Narcos,Crime,3,Kane,Lysandra,5,2015
361859,Frequency,Historical,4,Quentin,Lucius,9,2012
391657,Homeland,Horror,5,Shelby,Lilah,8,1997
153824,Haikyu!!,Romance,1,George,Thomas,6,2016
275648,Stargate SG-1,Science and fiction,4,Helen,Craig,9,2003
457681,Narcos: Mexico,Thriller ,5,Aiko,Shad,1,2014
459167,Fullmetal Alchemist,Action,1,Sara,Rafael,10,2013
381642,Lucifer,Adventure,2,Zoe,Anastasia,10,2009
129763,King of the Hill,Comedy,2,Jillian,Ryan,4,1997
621893,Santa Clarita Diet,Crime,4,Simon,Lysandra,9,2017
164573,Pretty Little Liars,Mystery,3,Kiayada,Philip,6,2012
467391,The Andromeda Strain,Fantasy,3,Larissa,Paloma,2,1999
173246,The Tom and Jerry Show,Historical,5,Gareth,Nicole,2,1995
715962,Bored to Death,Horror,2,Flynn,Brenna,8,1985
647813,Lost,Romance,5,Caesar,Lane,7,2016
593674,Better Call Saul,Science and fiction,2,Mason,Zeus,3,2012
451897,Saint Seiya The Lost Canvas,Thriller ,3,Julie,Bernard,3,1986
792541,Da Vinci's Demons,Action,2,Warren,Aimee,8,2001
679845,The Magicians,Adventure,4,Uriah,Allen,4,1999
427918,Mob Psycho 100,Comedy,1,Callum,Jerome,3,2008
725198,Deadwood,Crime,2,Igor,Kareem,2,1975
851673,Star Wars: The Clone Wars,Mystery,5,Charles,Lucy,3,1989
547382,Highschool of the Dead,Fantasy,1,Hermione,Rahim,1,1996
345971,Dominion,Historical,5,Maia,Cole,9,1996
618925,Unforgettable,Horror,1,Ira,Nissim,8,1984
253897,Bones,Romance,4,Ginger,Elvis,4,2015
219437,Moonlighting,Science and fiction,4,Unity,Darrel,1,2003
294368,Star vs. the Forces of Evil,Thriller ,4,Dalton,Calvin,5,2014
623781,Codename: Kids Next Door,Action,1,Vanna,Jerry,4,2012
983716,Poldark,Adventure,5,Arden,Carl,9,2014
431978,Saved by the Bell,Comedy,1,Kylee,Kelsie,1,1998
238195,The Good Fight,Crime,3,Caleb,Charde,2,2018
325167,The Mandalorian,Mystery,5,Cody,Colton,4,2012
289534,Wynonna Earp,Fantasy,2,Lunea,Murphy,2,2000
829637,Vinyl,Historical,3,Kyra,Geoffrey,7,1998
725349,Attack on Titan,Horror,3,Hamish,Walter,2,2010
218739,Dark,Romance,3,Steven,Athena,4,2004
852736,Dead Set,Science and fiction,5,Lenore,Uma,9,2001
826571,The Cleveland Show,Thriller ,4,Berk,Maxine,5,2009
148932,Salvation,Action,2,Kiona,Caldwell,4,2005
645893,Stargate Atlantis,Adventure,2,Francis,Solomon,3,2006
571392,Gurren Lagann,Comedy,2,Herrod,Anne,4,2013
562831,Ally McBeal,Crime,3,Ebony,Colby,6,2015
324781,Life on Mars,Mystery,5,Patience,Nola,3,2003
541296,Sons of Anarchy,Fantasy,5,Chastity,Dillon,10,1982
374829,Locke & Key,Historical,5,Lila,Belle,9,1962
528416,Scrubs,Horror,3,Wynter,Davis,3,1977
653194,DC's Legends of Tomorrow,Romance,2,Vielka,Nero,1,2008
931624,Dark Angel,Science and fiction,2,Allistair,Jemima,2,2008
579628,Digimon Adventure:,Thriller ,2,Noble,Kuame,2,2009
964281,The Familiar of Zero,Action,5,Paloma,Kirby,4,1998
721869,Jessica Jones,Action,2,Cooper,Chantale,2,2015
319425,Smallville,Action,4,Jaime,Penelope,7,2001
581943,Six Feet Under,Crime,4,Grace,Noelani,5,2004
851347,MacGyver,Mystery,4,Rafael,Naomi,7,1988
761249,Bewitched,Fantasy,4,Amery,Alexander,3,1998
781593,Teen Wolf,Drama,4,Claudia,Chancellor,7,2011
281459,The Orville,Horror,1,Haviva,Gloria,6,2001
356924,CSI: Miami,Romance,2,Chaim,Dane,8,2015
469257,The Outsider,Science and fiction,4,Ruby,Chaney,10,2014
368742,Archer,Comedy ,1,Zenaida,Harlan,5,2009
134256,Ghost Adventures,Action,3,Yeo,Holly,7,1988
936487,Steins;Gate,Adventure,4,Brock,Abel,2,2011
678924,Swamp Thing,Comedy,1,Eaton,Drew,3,1995
623475,Constantine,Crime,5,Celeste,Kato,9,2005
853746,Lonesome Dove,Mystery,4,Magee,Samuel,10,2011
452798,Grimm,Fantasy,5,Hanae,Gemma,7,2011
783594,Top Gear,Adventure,3,Aretha,Dieter,7,2002
856329,Sharp Objects,Horror,3,Lev,Kenneth,8,2015
149678,Cosmos,Romance,5,Ruth,Evan,10,2013
472186,Tales from the Crypt,Science and fiction,4,Barrett,Lucas,1,2013
235741,My Wife and Kids,Thriller ,3,Alisa,Hop,6,2005
954781,Animal Kingdom,Action,1,Sharon,Melinda,3,1999
934126,The House of Flowers,Adventure,3,Tucker,Alexa,6,2019
431587,Justice League,Comedy,1,Reed,Vladimir,7,2004
687341,High School DxD,Crime,5,Rana,McKenzie,7,2018
389645,Quantum Leap,Mystery,3,Chastity,Chloe,8,1984
178429,Jericho,Fantasy,1,Bo,Nasim,6,1983
431927,DuckTales,Historical,5,Jason,Linda,7,2013
432817,The Incredible Hulk,Horror,2,Hyatt,Dorothy,1,2009
596417,The Goldbergs,Romance,4,Kay,Carly,3,2004
873219,Fear the Walking Dead,Science and fiction,3,Madeline,Oscar,8,2007
182349,Magnificent Century,Thriller ,2,Hedley,Luke,7,2018
597364,Intelligence,Action,1,Buffy,Idona,2,2004
963187,Cable Girls,Adventure,1,Kim,Lara,1,2003
867345,The Last Man on Earth,Comedy,2,Vincent,Oleg,6,2006
751982,Stranger Things,Horror,1,Ann,Yvonne,8,2016
931864,Storm of the Century,Mystery,5,Alan,Fitzgerald,5,2009
952764,Without a Trace,Fantasy,3,Noble,Carly,9,1995
391675,Beauty and the Beast,Historical,2,Coby,Maryam,8,2000
862791,Altered Carbon,Horror,4,Alexis,Portia,8,2017
583921,Sons of Anarchy,Romance,1,Isaiah,Chiquita,7,1989
687942,Locke & Key,Science and fiction,2,Thane,Quintessa,2,2008
286531,Scrubs,Thriller ,5,Nathan,Wallace,8,2003
469153,DC's Legends of Tomorrow,Action,3,Clark,Dexter,8,2012
685293,Dark Angel,Adventure,2,Nevada,Debra,2,1997
198543,Digimon Adventure:,Comedy,1,Kirby,Brett,5,2013
819625,The Familiar of Zero,Crime,4,Slade,Berk,2,2011
857293,The Man in the High Castle,Mystery,3,Hiroko,Vielka,10,2003
751269,Penny Dreadful,Fantasy,1,Cade,Colton,6,2014
296374,Six Feet Under,Historical,2,Sara,Edward,3,2018
971568,MacGyver,Horror,2,Hedley,Aline,3,2016
216379,Bewitched,Romance,5,Lars,Chase,8,1964
673528,Teenage Mutant Ninja Turtles,Science and fiction,3,Riley,Jelani,10,1950
862137,The Orville,Thriller ,1,Joan,Aladdin,9,2018
513729,CSI: Miami,Action,3,Baxter,Amaya,9,1939
491537,The Outsider,Adventure,1,Chandler,Bernard,5,2001
864352,The Office,Comedy,5,Shad,Calista,7,2001
974136,Ghost Adventures,Crime,1,Donna,Denise,1,1995
249751,Steins;Gate,Mystery,1,Brody,Willa,9,2004
317546,Swamp Thing,Fantasy,3,Zelda,Hannah,6,2011
728543,Constantine,Historical,1,Mannix,Petra,4,1967
487521,Lonesome Dove,Horror,4,Jason,Ahmed,2,2013
625934,Peaky Blinders,Crime,5,Sydnee,Helen,3,2013
932415,Merlin,Fantasy,2,Jamal,Dillon,3,2008
362174,Sharp Objects,Thriller ,4,Melvin,Shea,10,1998
359168,Cosmos,Action,4,Dawn,Otto,2,2014
169428,Tales from the Crypt,Adventure,2,Jeanette,Amy,10,2008
413852,My Wife and Kids,Comedy,4,Haley,Marvin,5,1999
458937,Animal Kingdom,Crime,3,Mary,Keefe,5,1998
523641,The House of Flowers,Mystery,5,Jordan,Nadine,4,2014
865721,Justice League,Fantasy,1,Kylynn,Mechelle,8,2000
289154,High School DxD,Historical,5,Macaulay,Geoffrey,10,2013
961452,Quantum Leap,Horror,3,Kadeem,Preston,8,1996
246318,Jericho,Romance,5,Kaseem,Drake,9,2013
541826,DuckTales,Science and fiction,4,Colton,Noelani,6,2001
651327,The Incredible Hulk,Thriller ,1,Grant,Noelle,9,2013
516873,The Goldbergs,Action,2,Ignatius,Carol,2,1995
438679,Looking for Alaska,Adventure,4,Chaim,Troy,3,2017
378692,Breaking Bad,Comedy,5,Geraldine,Imani,4,2013
291563,American Vandal,Crime,1,Delilah,Andrew,3,1942
726453,Marvel's Runaways,Mystery,5,Penelope,Aaron,7,2018
562487,Tales from the Crypt,Fantasy,1,Fallon,Amethyst,1,1991
851746,Almost Human,Historical,1,Remedios,Drake,2,2016
624175,Rose Red,Horror,3,Penelope,Signe,10,2002
937158,Californication,Romance,4,Hedley,Eve,10,2015
581732,Home Before Dark,Science and fiction,2,Heather,Herman,3,1985
194568,Conan,Thriller ,5,Chancellor,Signe,3,1995
294658,Marvel's Inhumans,Action,1,Ulla,Hashim,8,2014
385249,Prison Break,Adventure,5,Griffith,May,4,2010
743819,DuckTales,Comedy,4,Phelan,Uriah,10,2015
647291,The Incredible Hulk,Crime,1,Caleb,Ciaran,6,2012
295784,The Goldbergs,Mystery,2,Melissa,Dalton,2,1973
943862,Fear the Walking Dead,Fantasy,1,Ross,Castor,4,2000
297834,Magnificent Century,Historical,2,Kimberly,Quinn,2,2018
861923,Intelligence,Horror,3,Jescie,Harding,4,1991
967825,Cable Girls,Romance,2,Callum,Camille,1,2016
843627,The Last Man on Earth,Science and fiction,4,Catherine,Elton,8,2002
392675,Lucifer,Comedy,2,Ruth,Bethany,6,2016
534279,Storm of the Century,Action,2,Isabelle,Doris,4,1985
857496,Without a Trace,Adventure,3,Griffith,Aquila,5,1995
729154,Beauty and the Beast,Comedy,4,Ima,Hall,2,2014
214573,Altered Carbon,Crime,3,Alma,Madison,10,2010
259874,Star Trek,Science and fiction,3,Summer,Kato,5,1966
547318,The Borgias,Fantasy,4,Alec,Patrick,6,2012
281569,Dragon Ball Super,Historical,5,Kieran,Valentine,3,1973
918572,Firefly,Horror,2,Olga,Sylvester,6,2000
314528,The Killing,Romance,3,Oren,Lana,10,2018
