llyweth3s,Keefe,Franklin,"t7_C+X]SR/*8m["""
thestrua7z,Keegan,Griffith,E9`6Khe5fn@<7W>
Prutul4s,Jael,Haynes,dav:A;x]*JGMp5=
prometalaew,Kiona,Barry,wy;@Cv~=Y:&3p?`
bunaitheov,Destiny,Frazier,"bVd*""a5sMAC~{Yk"
zubandeln18,Mannix,Fischer,v'TYg?A$F3nU!7*
taufesttl,Fallon,Munoz,V68P*]`tscYJ+4!
trefnianttw,Christopher,Erickson,"LG8S!4""_F;Qns>{"
Dreijer31,Charissa,Walker,Rg63K=;x8P{24&`
najgorimdw,Imogene,Mejia,E&2Fu-:z^V8baec
rematisatx3,Blake,William,EqY3Q%X-]_6yhgC
lepremierjourgj,Hedy,Frank,Hj5'(mzES9:};hy
souldwo,Colby,Park,pVP[3.q-YLT6#=f
mistumsnanixw,Burton,Brooks,Th6=G5HKaV$B/)p
cortos00,Tana,Velez,V%a$6~w@q/9eZ]H
cellorumnc,Josiah,Baxter,"aWvu;$y^q'f6,=-"
falhatzp0,Cheyenne,Scott,Te=pm}G(MUP&3`C
alefalletti62,Iola,Beard,jA.9v;Ja*x[%z!E
gentlykissmeel,Shannon,Potts,Q(e'G9#t[d^P+Ec
malisk11,Adria,Livingston,w+Vs:M5-=zeU8yG
gedehootteklyfk,Amal,Rosales,bd%)+#S3=hs;WuB
groffe9x,Hiroko,Drake,vc?[>LN'Aw:8qS^
svalbakurml,Piper,Sutton,r#x`URDj6CLkn)P
dioriticcl,Hayden,Mejia,J9PLVbrd2Zn`4gM
ec200655,Nolan,Olsen,whH!d3)nK~aQ6'L
vesossikq,Rama,Hamilton,Pk2t9WJU5R-E)^?
rajtariadk,Shelby,Bright,"f6uc]G""jCXS;Ey_"
incuicons63,Henry,Shaw,B<8AvVe6`a=p;5y
Milella2n,Amethyst,Fulton,c8rx(weY)JZ5}D~
napunjatisx,Deirdre,Wood,bT5.q${JveLWRB#
dalagitaz6,Olivia,Harper,"V4[,u<^6aXesTg+"
Studorecxf,Ingrid,Webster,"XQ*S7,LGy/>-(5"""
Manilonh,Haviva,Harper,u)%6`{E;#vWY9V:
Bokvaj1g,Baker,Mann,wdXBSy#/u2GvQFk
tahamakieu,Jemima,Curtis,QXS!()J7Vm'G4.d
fyngalos9r,Wynne,Frye,"TBA5(mpFaR;>9,J"
Westfalenzx,Gray,Bolton,"V;>wysn'H]5,zYA"
usabeachbum05sn,Jorden,Mayo,Zk{8S*bndU]=D<L
tunaymabuhayu3,Virginia,Stevens,z];gDkj-mvRx*9)
pfulenim2,Cairo,Russell,YLz6HPCd;.k^F]}
aitorchavesaf,Moses,Suarez,"W_Hx>""/!+;Y6k<^"
waver5n,Gary,Vaughan,p(Mmah.AQu5n?[x
braheyg,Savannah,Nielsen,"LZKbR#yP""5?Xd,-"
molhavibo,Keely,Clemons,pkPv>sZ;3dn2V`@
daphne129md,Lyle,Jordan,NsHL!pV@egq/u2>
annauji,Nayda,Barry,E5y:(G)!@*`b4&N
i2op4am,Theodore,Wynn,r8f;[%_?Kn/Vm)X
vizijae4,Myles,Mcclure,f/`MQ>76vC.Eepk
szpas0j,Patrick,Fisher,u49:{e>#c@T;U8z
tumarreja84,Tucker,Faulkner,"N+Y,@g;L/7&A{wQ"
ysaiasnunez7o,Russell,Pearson,egF[q=~!z2$Gn^X
Ucellowifv,Donna,Contreras,x(VGzu_#>4e@d9&
burmesemarinen7,Lawrence,Frost,DM*GeY'!Fgq6:R3
adlmv2,Deacon,Sheppard,wdE`GnD;B7hvH_f
superbloganyuu,Mia,Howe,yB%^Qk>5*$`GLJF
plivesck4,Melyssa,Schmidt,LR~e8_cDKdpCgE[
mcjamesct,Renee,Shelton,A5+;][6ze>v^ha$
powerheadv3es,Cadman,Lara,ju3+=H]Ehdt^9q-
pozajmit96,Lael,Castillo,Wpx4^}(e3'PJm#f
testciazowy2x,Ramona,Puckett,"Gv:J-Lcfb4wT,`'"
encekwinih6,Brett,Colon,r;mT3){wE4L]HX&
Asselswicley8,Zephr,Campbell,xU^MDY{CR+f3j#A
pastynau01,Raya,Summers,Lw$;Gn+t?7'MgK>
izvirujeuh,Malcolm,Guerra,e&28)uW?/UBG`H3
unconcealmentv5,Kibo,Cooke,C$nR]Td4/s).qMb
sansaryr,Cedric,Sparks,GjX)*W(8d3uLwT4
krudna,Tanner,Nichols,rm2uG@TA(Xh^9nU
animulation0y,Graiden,Dale,"KpyR""Cmq7Mh:+ZH"
nakrouhat2m,Autumn,Bradshaw,Uy>4A7;G63p&xMV
inchinn1k,Kaseem,Burnett,"Q;pGhyBn`9,-K?J"
rarebit83,Colton,Mayer,LmYy_p]R82-tx<;
prazninomsb,Virginia,Hunter,"U,BNtS}75ExJz~."
izvoznihol,Hayes,Shannon,b*5(>Zw3Th:+BEK
elegancemagxoc6,Basia,Burris,RN8Q_Kgy=HvBs;S
Almena5j,Regan,Bennett,"z*=dy""EA53Y)mvQ"
mocarrarsvs,Mariko,Gardner,DN_)z/]r5G;u$'E
uzdahnemoba,Jin,Bailey,KNF@9twW7JC28`^
Hesarwp,Jaime,Daniels,r(k>^Wb<!e}mS2D
prerekal37,Alice,Booth,"y@4x""U)guR}[?/N"
aaltaristt,Joseph,Cameron,"QU[9W*L,3Vz6%5g"
matthighsg,Jeremy,Kennedy,U=}x6PZT'QE4W*^
Bozzaotra4t,Germane,Kramer,v}*~HG+9/A6scbD
paadje19,Lysandra,Kramer,Acbau2DU7$T}%6*
uhohoreo16vz,Levi,Cote,V8?GtR)C%(vs_h&
xygxix,Karleigh,Vazquez,qQu5;n`RXGyYh.e
ExenueZemqj,Nola,Terry,D*b?[;4`SL]Jqp!
xcessbaggageir,Ian,Pickett,T</(sPdF3q{v%4f
hamstolakf,Victor,Pacheco,"q;r3k2+cH,G86TK"
gtown4lifehm,Garrett,Ray,bx^nE7qB'*Hc%;C
rigorismql,Lee,Chavez,m{[nZ9~=<&a2A5x
soccerj82774,Mariam,Sloan,SG&4DgsRyr2@tc.
senegalcark,Aline,Frederick,rd/k()p3;{Se@H.
infuzijim0g,Tasha,Goodman,M)Z[ucVpk?_$5.y
obtuse27,Chester,Mccall,"r!2't<Ex""L%vb&W"
marguism3,Martin,Beck,"LJdk%xRq""MYn5v!"
Rosaniti5y,Rae,Valenzuela,E2%uUt6SWJR8D{3
matthew691s1,Lionel,Guthrie,P[n<q:3fT/KRG'm
chotanigw,Maggie,Crosby,Lp5g)/3Mjr&PTBv
vsakz3,Ciaran,Golden,Y@x_`VA{9<?:~Wn
candacelolo6c,Boris,Hunt,C<Khy8NxgDdW!7H
Chomscym1,Fletcher,Mathis,M^*NsAW5-[_b`y@
cotagaitaq7,Rahim,Savage,k(T>`8h;v4*CKRf
shirgairepv,Uriah,Nguyen,Dz'A3dM(g]%HB*s
arabujanovr,Caryn,Potts,u>C49wrq3BQ'dnD
Grivettira,Pascale,Carter,y7a'hqeALEVg364
ancapib9,Magee,Mcguire,T]2D43H_Wh5rt)^
referateut,Graham,Mueller,"x!PKX'y;v4T?}7,"
marissaislamevk,Marvin,Burke,x<'4E[6v#}PNt%K
agowdegigache1q,Leroy,Duke,W~Q`uENx'A4)7Gp
diflesirix,Sophia,Butler,"HvS@,#A/LFY;J4s"
da2l1a2le7,Kennan,Weber,"U>Yx,vy:73;X_9"""
enangewmephow5e,Deirdre,Branch,FY?p#3R(uN8QExD
afundisa6w,Jacob,Cameron,"zL@q2aV$uZ,nSX)"
ermarnar9o,Ralph,Gilbert,ZQu]a@h>B)#5~6%
boligrafxa,Troy,Hicks,s@xJ%t'Z;y8g(PG
mthofthesthjy,Forrest,Gonzalez,"Vq""(vS;rn7+x8zN"
Alvehr,Ruby,Norman,T>@=y'Zc2Wk#8dF
Gebieterv6,Scarlet,Bowman,ks9u52U36X$zCMr
Ethekeesysk,Martha,Barry,"L!c2,@<*fYT/8Nm"
myriamtue,Aristotle,Freeman,CX(utfe86[-@*WA
trybuts3,Wade,Morgan,gC@-5NU68_x9csf
otisknout0s,Hiram,Rios,w?;^nPV9Bx!Ut*-
filippynw1,Ivory,Roberson,k9zw3_[C)U7Ec=a
ashtonthedogsc,Felix,Campbell,"rq8/,=5g6-M_AhD"
Faillacedt,Grady,Huff,q'D^X_NC5ts`#6-
seda14ob,Shad,Doyle,z9TP%fWp~kUR7n*
recd3j,Hakeem,Dalton,R~kH[&.uJy@X72m
agitovao3a,Risa,Young,p3`yL%B$GhAFc!J
gerejarg,Abbot,Guthrie,bJ[;-V?Gh7Aa]58
animulationvh,Jaquelyn,Blankenship,"S?K<]7PZ}y@g,p="
Angiomyom2f,Erin,Jarvis,d4?uVQsPD8^jS[n
Braulinb1,Christine,Castaneda,UtN@6esCV;Z:-jS
beckalu22pr,Baker,Mullins,S9&7b`fhg](4K3!
Masenelli3b,Nola,Ballard,dZ5.z{J[MC;2ubE
tolikomuvf,Reed,Cardenas,"MsL""Pu8@F5q.}!9"
chusydemeal,Caleb,Pearson,Rj!k-sX5WZ)#w7c
eShekemi5m,Tanisha,Rollins,L:(?E6+S&7ud[e/
civaia2q,Jack,Nash,qa9*F@h?g6WDMB~
invovolibequeq1,Emery,Vincent,"MX;k4erj%zqG,y("
zgoda14,Heidi,Leonard,T5XZR;xkg+cjm8'
selitihz,Paul,Wilkins,m?FTdfev6RG*{%n
utyelelab4,Gannon,Christian,q/H4!$W7w+~AbBY
auspiciz3,Derek,Berg,"p,FmrG/=NZ69g(t"
caewydd05,Demetria,Carroll,n+A;fNL.3(7z)@*
liesyIceddypy,Jorden,Sherman,F29j^;fq)~R&!xb
thebinuspy,Candace,Vazquez,"H5uYkNU""J:4&V[t"
doompiplyur,Colin,Moran,Lw5?%f9k`Jz{sYx
Amalricqd,Mikayla,Peck,BN74#nFtc~]kuqG
osakid1,Jenna,England,"F?EB""S~AT;3vd`@"
rhagorawx,Mark,Gates,"L4q""QhcH!BnXe57"
ninoizov,Pascale,Sanders,"F;Aty.73?Y=""x^G"
apatrid5s,MacKenzie,Cox,vnPkfyJR':7Cbu2
Skerielleptv3,Herman,Leach,d3CHQ8D;$:^Tf@5
ge1s1zefm,Idona,Barnes,cA38$pE5@q'y7x`
jemstvash,Dexter,Fitzgerald,t9_GxC>`uYR4^;s
Mosis4,Felix,Wells,V`f2^adk(%Fs6UT
rhizomondeap,Cleo,Marquez,dn(7uNtBpPEL>5-
toutinfrimageyk,Ivor,Adams,kX@CF98T5Vg;hd*
greta111om,Keith,Myers,qdEfP%{u=!9tT?H
djkimoxy,Steel,Burton,"ZT{/;jX""5D8UcqJ"
nokkurrit8,Tucker,Schneider,SMQ.HYkb_L`5x;P
linksherp0,Shay,Keith,GT2gsZE-C/Vk;e!
emptydustq4,Steven,Garrett,pE6D~k4)}Gzy^{;
armorsu,Imogene,Knowles,"UM*@]""R6FCg-;BX"
menegangv4,Montana,Haynes,s?wH6P(L.C/UkYq
nalatigrn,Ulysses,Parks,"V#WR7,g4xdsc;2z"
rajtariamp,Justine,Humphrey,"k""3t]r`S>s8M2R%"
acicenobrasnv,Stacy,Powers,g:W4Sr~h)y$pwa(
hakmalukrw,Branden,Leon,S+9V3e$q(T*;2vx
pengatur0k,Eugenia,Pierce,qk8_Y^mZGf'zc4&
Depotfett89,Constance,Murphy,d2537eThv?P~4@D
Ruiccip7,Tanner,Gibbs,"A""%},!8*&'DUysE"
cynismemx,Yoshio,Sullivan,cj)WZRwk5-AF?:{
sitemuzj,Stewart,Oconnor,Nf!F-:%4VS`2d7&
viendotvm8,Myles,Santiago,gJp4;T]#Cdv>W37
Simtanycn,Sean,Welch,"F7}^s$),?8[hP%3"
kirjanymfih6,Tanek,Alston,C3]NXB2AsS!RqDh
paresia70,Adrienne,Mckenzie,PU4e+S/fLds>_Qc
marradasve,Lester,Harding,rksBY(]4_U$;HAg
choonikn,Daphne,Rutledge,"DTyBu9/""PcA=b]#"
hasardeurj6,Owen,George,e@fP;ys-Z![=8QK
oorbluf0g,Alexander,Cole,C3qe;af=->g%DJs
stip79,Merritt,Figueroa,"CP,a$8""&csdpT!W"
thuctpritte6l,Lynn,Goodman,J[4wzm+nC#7B8yN
nvaise24ms,Uriah,Moody,c57C}/Exk?+<wLg
b1eszm2o,Raven,Molina,V;!29@7/:d]S~rg
choirbabe089f,Haley,Bruce,w9`x.u[Th@cCv{]
nestorijuxs,Carissa,Santos,"UY>)8cfN9K,e5v;"
slavulyaea,Vivian,Parrish,"JC,!3]'#q.&7Ay9"
sprijenecm5,Gloria,Stanley,K[)j:XS;sbN98<n
ceolaimpb,Calvin,Kelley,B;5gUn~$rv94_qa
lelongkanbi,Margaret,Moody,EC]ymL;[szT4Pew
2daptbp,Myles,Hobbs,Kz(!.NqWh9%eJmQ
Fugarocm,Emma,Grimes,w2N&3KnL-y<e!6a
gyffeswyrlr,Ruth,Mcguire,"F%!y;,2f/r3""xum"
Edgerneadepayr1,Gary,Cantu,Q]3WkC2!f#sG?UK
elmareselcamivt,John,Walton,QV28dtE-n*%r;:7
vrijemf2,Ishmael,Marsh,"p./u_-:!L7b""$@8"
armadas8u,Camille,Dodson,"M~""m/,Y`@=&8KqX"
lufadage,Bell,Wells,WZf{dc~2&5M>G]B
lildancer48v3,Boris,Sutton,Td3!]xZ}at4qDBV
batlhami9o,Nell,Jensen,yMJGQ.Kc-w?3mC*
e1ku3r2a9x,Moana,Owens,QkdGmRr<7ZP:S!9
yellowtulip87wo,Ima,Rivera,Ngr[(w2mS%HtET^
NurfZesee8w,Illana,Tanner,m5sZp*;!c9/2x6-
wvelebillu,Neil,Chaney,dXC3c?m#]h%s*^y
sweliaidesque4m,Abigail,Callahan,"V'r5R4zj#`""_Y.{"
arpeggivt,Lara,Stuart,b{PU)87G'[CQ;+2
smelvin2m,Chelsea,Fowler,t-m#{Ar@$87X3&W
ngeulufj,Branden,Hendricks,fak>qH$3!7jzY}2
rahlurb,Scott,Le,H!F[42RT_p]e6vG
centros54d,Kyle,Holcomb,"rBqA:,9t6-'gsfp"
b3achxbum41wj,Ella,Trevino,"e""L,hg3WH's5/tr"
kurtenib8,Hall,Mcfadden,b[@pKqM*DQJ~9nk
smoogirltl,Zachary,Espinoza,Ps~y6{kQgpWf;At
lizheyao33,Florence,Williamson,R)^b(B_{f2EuwtJ
SyncScerazd,Damian,Le,U)bqvsH$5]B8K-G
Krassus08,Abigail,Tyson,"caqxUFH?{A8CM,X"
Nepitepr,Jakeem,Fulton,m-]W4u?Rgtr/MH:
eixaquierbr,Carla,Prince,F5ECn*>={$%KbR<
Juliusv4,Nelle,Weaver,y5xS`dT&;t@DVwn
bettoh57,Eaton,James,Jwdg6U.*mx>]GEY
hugomoshzv,Sandra,Heath,R'zgv=Q8?9Dt@Gw
mortysoundscs,Jolie,Baird,q6RN<gx;nG3S2!r
burgavm,Rashad,Rollins,E!?F2[$pjTY>_BM
rickalynnaxogd,Winter,Fisher,f6z2u=qV}-a]&Q3
Desmero7m,Forrest,Sanford,tJ['FLf:bsT>7Ck
judjezgg9,Bree,Caldwell,U?sm32M[HcNCf79
kroplanyo0,Bruno,Mclaughlin,VbP>84N!tMs@?+Z
Inhawndon18,Colton,Robbins,Jj35?a2e7*BT6f}
i2q1w85,Chaim,Melton,x5VU/(4eN-fY?D}
uzdizanjet4,Carson,Eaton,"kc3>shT;[z`'{D,"
iav19207t,Joel,Ramsey,C3_};yZ$jE)kDvu
yilanga6d,Breanna,Vaughn,"M+m""rb3~L=*)-GE"
ostavili0o,Karen,Gross,WM.)%>u}4s't!Yd
spustilina,Libby,Cleveland,J+L%*8f5-Pw3&<6
Statlyvawug,Kellie,Finley,kgT4(6!uWJ}F)en
cneumannve,Griffith,Hester,TNbp_j^{~8vKm`@
aveusamzl,Ferdinand,Ramsey,"rMsPd'"".-#X7B4;"
burdansl,Ryder,Nielsen,"bMZt='wq#z6ER""T"
Netzmitteh8,Daria,Waters,X}9Us@.;r=<$*8c
Bachzeitt2,Unity,Bullock,YJDh<S&r{aN4y5`
asgallantasbe,Plato,Callahan,K[/49fGJQ#pH'k;
aminkansv,Rhiannon,Davidson,BPZgx>w83*M+CJp
Svehlikfy,Molly,Compton,y4;JN[!kTj>fv<L
usz1inde4,Josephine,Day,H%kW<Db)=^T4g;c
loofboslr,Vladimir,Whitney,"Tsk.9+!Rw""6=AyJ"
mommapimpinrp,Kenneth,Vance,"d~""GJqyH;^L5VB)"
Adelsdamegv,Alexander,Hill,Mh8sE9!~T%H^{qk
mysslady246my,Barry,Sims,"y;3b""n,`(9Gd46>"
ddotb1e,Uriah,Love,"XxL>,5V7GNw(!TA"
fonoteke0a,Tara,Phillips,cVQ@XW!rk=5e$q<
cendrajuvu,Camden,Kelley,s+`f[57X$/&TNwk
Arnillesix,Audra,Riddle,H;Y7_C{DaZsM$=6
szklanicap5,Paula,Dalton,"L93JBpnhW_e#""&+"
eskapo8y,Zachery,Valentine,S8;c{}n^e#Ht$CB
trake6y,Vivian,Shepherd,NPA4[X;wQu!y~pS
apunhetz4a,Branden,Mclean,RK8tCM(W4%m_Yz$
jigtigqt,Christopher,Petty,gW<H6a>Ae*D?`);
osmerca5l,Hiram,Mitchell,a:u+DetX'U7]g?j
Monchzulc0,Doris,Schroeder,jP{Cy4$Ur6K[VnX
jimplarpv,Ross,Monroe,tX=w8>yf3P~h7KY
abbadiek4,Rajah,Glover,"y_;3zhk,cvLpCUW"
i2q1wn1,Odessa,Curtis,Z6-3{SzE]n#57+k
Hotothulleyxk,Naida,Hall,Y2QtNU'R~&hq6#d
tixrarlFlexpg,Kasper,Sherman,"P,h~>4n}M6K<-mU"
lazsnakjx,Aphrodite,Gates,FPfk*(!%rnX2S7=
nakalistawn,Nicole,Ellis,Zzq%JP4/{n_}A$b
pendukunga3,Yvonne,Leblanc,Z5_RDjdC/B8b~w$
lamslotp,Chantale,Rose,PDz4;sy!h>6v3rZ
ti401y6,Jocelyn,Noel,"Q'zw!,jAkdg4@E7"
elderoilaqf,Celeste,Stein,"zad8A`L,4sn3]6x"
madurezaxj,Warren,Foster,DK8#SkHa/Nr*?=F
sandplaatk6,Vanna,Moss,mYAXV$a9MvqjT&u
Melanieqc,Ila,Patel,JSt4%B@W`&3{/)R
roadielover69p9,Jillian,Wyatt,N#Zhe4T8x{A5?aS
Sestextibremo,Hiram,Wolfe,"mR""<)FsW`n8{_yu"
bestiaris4e,Jada,Cole,tQ/xD3J8`M&kLmu
aznangel29ux,Amos,Savage,HPS](hj>7XW;t.s
serum030gd,Gil,Cline,u;@E8Yehjgf&Z3W
tru1mayc,Dorothy,Moreno,Tda&63C7pj]wn?g
Anorriert7d,Avye,Byrd,n7mXr}z@yZu(d't
sinkstarhw,Stewart,Giles,r5=sJm^ZxqC@9p*
verb76,Tanner,Powers,x[CFEvy=f}6Mb%(
kindskapev,Kieran,Kramer,S't9E[m;yJ{~w3@
hovedsum0t,Rinah,Rios,ZCS[PJ2*;L`qyg'
segrunemij,Darryl,Leonard,P2:cBrNs~=RVnCw
axolaNofejg,Alfonso,Benjamin,V:s6Eq`rpa*jQmz
mamanpoule67o1,Aurelia,Dotson,uapV`:jx@)8Gy'^
hiuda12189n,Dane,Slater,WUcVmB^(g;y9Ghs
echdorrigm,Hiram,Brooks,rLu~e+!?=xv^J4-
coveru8t,Upton,Everett,zr.<N$`3V74_nP+
siubhla9s,Herman,Forbes,Ja9e$NsEW;cmtRb
cebard6j,Caesar,Manning,"t}va3)jf,F!w:(6"
Vajanaae,Roanna,Barrett,k-:B7v!PpKD8<ZE
istrgnemo97,Bruno,Mcintosh,"vM4'E2}""z38*+?s"
Bergren8y,Tatyana,Kelly,r{QkX7_Zq8Rdu9j
kitteling2z,Robin,Franklin,"MC""F5xa[&nW`p=y"
gannaloogr4,Georgia,Hayden,zkdMwB'84QE^V!+
grournenoky4u,Leigh,Delgado,mK7CR.B>FDLA+3@
u2j1wqx,Madonna,Gray,VaqhS2c^URz+w$Z
franjantv3,Lucy,Yates,hD&3tPj;uAwC2?[
setshabagm,George,Chapman,JPdb4r!7jnwL'3W
Wbert2j,Martha,Bates,FL'[w4k6vC=+zc9
eratothemusem5,Iola,Spencer,D7eCZ`YX._jtq5S
acratasnewkr,Dante,Nunez,u6zNJE;!epD{dQb
laueg0x,Alika,Stevens,sZ=xjq#.v68}Awu
prtlja96,Brock,Herman,Ab+/kqTZg.E;7-$
i2op4fq,Virginia,Curry,EN8`dr;3*ge^a)>
zisencanekz,Hope,Chang,hUj9Jsr+qW'3Dtn
fomati7k,Sybil,Marquez,"MG@.AWxD~/5NR!"""
rifilarea9,Griffith,Goodman,fY~/3!pNsrL5BG{
sobkjef8,Cody,Ortiz,"y!.J6Z/-,<As@Pw"
oliedrum71,Ross,Sears,Gj<~)BX'!Q;9u2J
e2h1q7g,Yoshio,Hewitt,MTcZ;/'#)xP7U_^
Duvhaax,Donovan,Reed,"g72""G!9pd8Yvm'T"
Granthemr9,Yeo,Conway,SKb]x25dt`)_6NM
ombreraoi,Merrill,Roberson,sQv~9FHT5%gc-yM
aclamavik5,Darius,Nelson,j{9#yLXJ5fbRsHC
ffeuau75,Abbot,Kirby,E2J]C7r@Zwdf.<e
palijski7z,Asher,Rich,Ys5CLRBH!@8um?v
Sygiettetom3h,Eve,Clayton,cg{T5H]};QY8L/*
penelopeyam70,Phillip,Munoz,C=8m@uDex~gFA]K
Gelzoob,Honorato,Maxwell,au)/:Xq;%[pSw5m
ne1tap1ihd,Grace,Horton,C&Zwv^2<4qkp%!`
arhydol1c,Beatrice,Curry,sK?a+U<H;6>-nJ}
lhschick0407m3,Alfreda,Salinas,hA{v>q<%n9/];fu
moneykillowgb,Caesar,Callahan,NKGBaP^8ym%?(A4
globalizmbx,Emmanuel,Donovan,R746{G2p3JH;k]h
Haxermarmkr,Luke,Reeves,r2'CRQ(gHv&_P)L
mallev3,Ciara,Carrillo,bNA'4vMse;Fu><[
dweiltje01,Grant,Hale,"TM7_6V5""G^$+nZW"
ebiztoolscarc,Sebastian,Graves,"v/7:,EZzL(Y!#Fn"
esmanegar9d,Dominique,Colon,"k`u]sc[R62MG;""$"
luzifikaqa,Keegan,Washington,a;h`<w~Rv?6>2S[
ea1volc,Guy,Bonner,b7$h5n-GT(c2j#v
StildSeriqc,Asher,Graham,"Fgt8r+j,3Eh?ANX"
kunstterm9x,Quail,Rios,Az<@B`!:Xer9Cb+
Melike0l,Lyle,Browning,"dsS}N[FC&3E""v;{"
jellyjarvlg,Bree,House,Dq%4{LR6-T#=E7h
Corridoloz0,Montana,Church,T[Mc:Yf?xr!{2*k
sawijika5m,Avram,Kirby,"R:N,/3h;VYjZ$k!"
vinaliacz,Signe,Warren,gSZ4Jm}apejR&!x
2ndwwsk,Rana,Herring,Un;r#4z!=P85'?^
johnnylee39f,Travis,Daugherty,S+k[~U)y4Aqaxm]
gnjaveiu,Chloe,Sharp,Hb[E9=8?;+Pg`Zs
istrganijd,Nola,Patel,"j9we""t~rgNX!sG;"
Rapicettoqd,Denton,Diaz,"Z)~nYj#8wNC""3_s"
oceanox3i,Zeph,Mullins,HbqE;8yDFM_6fzh
konzervba,Fletcher,Foley,SZA^Gwm]p-C5f7%
cinemaonfireu6,Brynne,Carrillo,"ktHz<x,R{'Lv@5F"
Albiihd,Tatiana,Campos,dD3^cL7@yB!VCW.
atashikwan5,Regan,Ware,"a!Cx}>#,X<z3n$?"
flibustesi2,Priscilla,Boyle,m7->L($dpe<hKM9
samlinggl,Demetria,Turner,"d~D9y(&HVe.w4%,"
baconsjf,Clementine,Mccall,VP4nQJ}*/A[x`j'
blewynnaits,Angela,Woodard,"J:v94h2X/*""_fYT"
lungcheungw6,Denise,Parker,"c^>n%M8`L*G2""T("
Cigeserbrefts,Abdul,Brock,D6g&t4a)Q%CpfX#
dvokrakimah,Violet,Black,w6k@`Jm%S}!4;Mj
petablawlbi,Hedley,Whitney,T^g98Ecv&;a{MDj
yukitamaok,Dominique,Avila,qCV%y]3A/_:)sXG
idiorkartev,Rhoda,Hanson,N#9Z7WPJr`)'-h<
Giarruffozs,Irene,Melton,B'[c-^DYx+t3QUj
Lovizologu,Preston,Mullen,F[GRDJy>j#:768a
Arriaum,Jemima,Valentine,Ew/9L]`jYp%-7*R
maiko0b,Charlotte,Griffith,cf`4St)E%y:z;We
Braukunstuj,Dominic,Bauer,k+E;!v:>W{zQ3%q
imitativeeb,Jescie,Britt,"DhP>,vyVK5[8.fw"
paabiso1p,Nasim,Burns,S/fs~PkLau8zmw(
umnehmendx7,Dalton,Montoya,m6B{Pz')D+(*?9}
mokrilei,Wilma,Lynch,sULdZFWc6g;5r)8
dotetzux,Amethyst,Mccray,kR8w<zF$)5jx;GD
scafaill5x,Charles,Sutton,Y3h%.9^d~5(]nQw
praktsykyf,Naomi,Wolf,"D(FeS2>""#.tfBVU"
twstdmind1229dg,Ciaran,Hammond,Qs#V9nD/$aFc3P~
allenleiyoungma,Davis,Nieves,PYGcwmL5{D!d_?p
ariblogvl,Serena,Cotton,"Q/Jx""Z]mM{L3fB'"
jejejezu,Wallace,Dickson,"s#%W}[,UKYB+J59"
heljardalzw,Dawn,Erickson,XZVTf;b{B9$q^N'
Bloonoubanooa,Ivan,Sandoval,Y#K]R+q`S7)53!-
snjallsj8,Sebastian,Wilkinson,hx*.2d3bNPV~:}s
bareliefad1,Branden,England,"S<p/5Ga?z,[+3JW"
FealydayAppatul,Genevieve,Gaines,XG?6>u&Hq@v7^%M
toglau3b,Carla,Livingston,"b6j58nx.<@,PaE}"
Marignonic9,Kane,Torres,nG7>CHW`=u^d#(_
diamankanxu,Clare,Waller,"j47Y^?,Q+@~vex2"
KardatarlGatokt,Joshua,Tanner,"L_6a'h4/{""vYtbS"
Tronchini4,Brandon,Baker,Dd(6r2g'Cv&jqu/
inspeksih9,Richard,Dotson,MfDrW[ZP6L/7'_b
acwava1c,Aileen,Mercer,FAT7=fC~ect<#9Y
nantinkspinkyr,Veda,Lynch,Sx-.H?[WByF93X7
skuhaev,Herman,Doyle,sb8nFKrSVY.;k]~
Krassusiu,Lars,Wiggins,U(+kLBAa{;spt5b
bigrannaw9y,Brock,Harrington,yvbT8:.3)x%e5P+
odrezovatjz,Ramona,Moreno,L?%CXJ6Wy-w^H&~
Botello7y,Evangeline,Ingram,"DuKkXyR;Z!]3V{,"
amoliratz92,Emily,Mcknight,"W""m8b&v5'#Yj^,%"
platvorm4h,Kirby,Wilkinson,h3M4AvXnH>L[$(2
verdeliberato2f,Nathaniel,Fuller,n=q8(ZR{uF@pd}y
llavoreta7b,Helen,Frazier,M<e-2*FWgyV&5:/
sebo67e,Bruno,May,h'-jr9/RY2P];X#
Fucela4y,Barbara,Ellis,DkpF`9('c7g#3NZ
Zadobroviox,Maite,Kidd,By-HZsu;x{e=f8L
elemagick2y,Andrew,Travis,wV'AY32gM>][4?G
aik1el9y,Serina,Horn,"NW+9Kw6g""BMH-Lf"
advokatum71,Brianna,Middleton,"c8NhW@+Mgwu,`<f"
Clarine68,Urielle,Sweeney,bDXd$k`^uY[2W;x
Calluorin2,Maile,Vasquez,csTb5G3z<kC9f2Y
barenuym,Zane,Gillespie,"Tr8LV,v$Py%[w~n"
Dupljaho2,Amity,Alexander,Px*;VDHZu_W-X7p
pukebucketae,Jenna,Mooney,JsD}5b-@qK6yT[v
zuhenkelnxs,Ila,Ware,"S!Ha$)Qn]h,c3y>"
Biafelli5f,Coby,Ashley,z;^VnuP8XN=FE.<
rausentasy3,Signe,Garza,Vh}5ag4<^q:~6rB
gerbants7u,Ashton,Stanton,"cXZ!vQ@R&r,95sd"
wiccanwytch6k,Ray,Hayes,M*sQ!TA3w4BN$+Z
sano93tv,Glenna,Reed,p%yvmzs6HW3]}xr
maitaclubdn,Alden,Mejia,"B2-Zk,gd~/FqXC}"
blasebalg2q,Francis,Hurst,"uLD,!5""a9Fp64{#"
lesizweq1,Elton,Nelson,dc$PZzvBEe+A6FR
fegs29ac,Karyn,Watson,X*'>K6jTGQgcb.9
Nieckowok5,Mufutau,Hammond,kbKdSX<8{j}EHQC
unho4j0,Travis,Raymond,PD{Gh_tZ5)XQ4x7
shooneBog32,Channing,Shelton,j:`w@6/W$E[s(vt
uvezemole,Uriah,Shepard,"h[-#EY_KPDc4@G,"
uljudnojko,Rashad,Andrews,jH+AbP?]u^K24as
abraseb5,Tarik,Rush,qv{Ux6ar8u-A4HM
angemtoafm,Drew,Steele,w(3a}h<7/s$eCJ;
ijsbergwr,Camille,Erickson,U;3t2QaebrB^Ac{
naklusatbk,Zeus,Finch,"khPR""b4>'`AmVL7"
mascherl5k,Hayfa,Ramirez,t;uHBdM>q3/{Ss[
Truffellop4,Fitzgerald,Cross,"n}yTKe@)rz^""?3H"
ba1s1ni1h,Carla,Wynn,"kp/Y;GAd,(^T&9Q"
nervintis6m,Daria,Whitehead,mzZ5dJ+cU`EpX6=
pablolopiz99,Brenda,Bailey,t#Zb$(`pr-HPM8*
pourinra1n2w,Emerson,Murray,xu;)EQZp5!fCc^d
janeshinn7n,Garth,Fletcher,zdpNZB~fre&t;2c
pokuchwax7,Larissa,Mcconnell,"Zk[{MGx5~n)4su"""
morteta84,Quyn,Crawford,Tn'K+8;AxU{Hsah
Waldklimabf,Celeste,Grimes,"v,x`*Q63P(cwWUK"
stopalensq,Beverly,Figueroa,"SyK%h`JPL,8$""['"
storingenqg,Wang,Turner,M/p6dB-}@j;*_A<
victorgarcia38,Seth,Pugh,m2ReLk&?[+]jD4S
ale2lemmsf,Fiona,Ford,pCm5k7<{F!Gs8/S
anquiseco7a,Hollee,Monroe,k#K`zxeyEh=8rWj
argadeloxa,Olga,Harrell,N=%3}5';2YGhZzB
nrxytqn,Basil,Alvarado,G%8^j=Y6y4Dq?-E
NIKEZAth,Chiquita,Alvarado,h]69syq!GQz8D&.
ulizivai3,Benedict,Chaney,"phWg#<~Fn,tXs7*"
imajex,Madison,Tyson,"cu""N&2K69qmYX*R"
sexodevilie,Jasper,Mcdowell,sD~BP4j3:Y$/Q=m
vladimirzu2,Jocelyn,Barton,"e""&DF+b;jT4K_6U"
Verzeriohj,Hayden,Rollins,U`YH9@'q)$^kFm3
5t4riednu,Hedda,Forbes,"ZT4ud!Cs`""{x3DL"
cepakap,Regan,Morrison,YPnv6/`#QH8u.pM
Mastriceie,Yvette,Aguilar,P8#s3aBJgmH2w=x
Traumdiebs1,Anika,Berg,X7u_vY)@j:p^z!6
cvlaegracofw,Yuli,Reyes,GmeLTrE.6=W'$R<
akapatana3l,Rylee,William,wN%6!^H$r9J>:*D
missbrittonyja,Roary,Cash,hZG*uP5C9H#ye8K
isonomaak,Tyrone,Kinney,Azm(<;{*4Vhk9Lw
detersiu1q,Raven,Rutledge,"q""HxAr2YdbU<,NB"
Trauraedidsml,Cyrus,Kelly,xf+W8Y~*?5u/rhK
uranaighd6,Quemby,Serrano,D:!<Z^4G'6KhQSa
Zogolinam,Carson,Terrell,"P)3Y,js5n*$}~Le"
oerknalg3,Nell,Osborn,wdu{5F>hs;Wnz'_
Ceahdiolledge27,Lars,Carver,FC}/]Re7g#M=Y^S
bodiceci9,Daryl,Wise,m]dba4!Z?EJWptC
refutavid6,Solomon,Wilkerson,c+ymM3qS8&X7YQb
saludetza1,Keegan,King,xLY!W]4=8;{sn~g
dvomil96,Imani,Smith,A^[K4zwkXFb-Z;H
zisitotegj,Vaughan,Patrick,F_9z6V@*u&mb`'w
squishy28563,Nyssa,Vasquez,x/cM~uUZ}jQ+C2^
toraazm,Keefe,Lara,B7&M=Yk+ntsj;C(
bgnathaleighji,Seth,Allison,R&ku*<:>z8J^?Md
truchita4g,Baxter,Brown,"Jq`sp,A!E(n4uLS"
dovedelqc,Kathleen,Potts,zq%6GTQ9W=:Bg)^
dravars7d,Kasimir,Barker,hu(cgQvPqe/6=N^
mammimif5,Wylie,Berry,"vcj6h_L5]q3T""7m"
atasquisr1,Aurora,Glenn,"Zc>4uM)D6"";(gjB"
gorewynyt,Jayme,Daniels,F]=Z9LHR>qeua/.
wasgedigub,Barrett,Branch,W4@=6`Km[>3uM5G
Belskurr,Tad,Kidd,B8;=a_p(vZ'cF7!
cadosses8f,Merrill,Hughes,N[]v57cux4;Ld$`
kikoubunhn,Grant,Copeland,"ZBT/^]g3<+6,vNR"
cobejadaqp,Jade,Flynn,"byX""Kd$6sw?j;7P"
hapantti,Quin,Cunningham,"sTD%;C,""@?8w&ZA"
Smilessc,Knox,Howard,"XaQU^4*,d68}bgF"
internetiz,Ignatius,Collier,S_b]h%6y^/Wr7D4
Cicinish,Tyrone,Porter,G9<2xp^`?jCE84S
frontrado1b,Zelda,Kelley,"H$bt,xv<4~DTX8e"
atraus10,Isadora,Hartman,rb&%nN}'mGV9U)a
desturbatzj,Thane,Higgins,"cXm%8M~WS[z}""$."
Bymndoott3l,Lawrence,Kidd,m6c~z`Z49KG]@H*
kyungeeqn,Dylan,Carson,YBMG>'uTgXEV:2;
goforit1011n,Riley,Newman,g{GhWK3Qc6!n8)'
asjamboyells6o,Odette,Gray,Tq8m%J[=RxatvGn
kahangyuen4j,Brielle,Kirk,k{A.8`!Jv7fS^nU
ailheuafa4,Carl,Cannon,Jvf?ut9z(SDZ=YG
