Nissim,Stewart,Afghan
Melissa,Alexander,Venezuelan
Dane,Miller,American
Reed,Willis,Ugandan
Mohammad,Singleton,Congolese
Dolan,Lester,Austrian
Demetria,Velez,Irish
Beverly,Bowen,Korean
Thaddeus,Cotton,Eritrean
Fredericka,Petersen,Albanian
Omar,Dyer,Jordanian
Otto,Barry,Venezuelan
Lester,Boyd,Fijian
Jena,Perry,Czech
Iola,Mcdaniel,Estonian
Xaviera,Gentry,Dominican
Madison,Blackburn,Guinean
James,Caldwell,Romanian
Ursa,Serrano,Bosnian
Jemima,Garcia,American
Lewis,Short,Thai
Quail,Maynard,Bulgarian
Rogan,Hurley,Belgian
Christine,Sosa,Estonian
Driscoll,Carter,Mexican
Hollee,Barker,Nepalese
Tad,Lewis,Bhutanese
Roanna,Lara,Congolese
Yuri,Gonzales,Singaporean
Rigel,Mcclain,Slovenian
Maile,Howard,Spanish
Olga,Gregory,Austrian
Nero,Fletcher,French
Deacon,Welch,Ecuadorean
Thomas,Dalton,Pakistani
Jena,Mack,Thai
Medge,Nolan,Liberian
Rashad,Kane,Bahamian
Patience,Wallace,Malawian
Amos,Bradley,Korean
Zenia,Russo,Yemeni
Holmes,Bolton,Madagascan
Benedict,Pruitt,Salvadorean
Penelope,Hopper,Saudi
Jaquelyn,Brennan,Liechtensteiner
Ciaran,Andrews,Swedish
Chaim,Perry,Mozambican
Rhoda,Pate,Ecuadorean
Violet,Tate,Scottish
Quyn,Sears,Argentinian
Willow,Brown,Austrian
Wayne,Weiss,Iranian
Kasimir,Frye,Canadian
Wing,Vega,Trinidadian
Olga,Hutchinson,Grenadian
Emily,Hutchinson,Nicaraguan
Kelly,Butler,Norwegian
Marvin,Ayers,Lithuanian
Jin,George,Filipino
Porter,Simon,Kenyan
Aileen,Nichols,Finnish
Sade,Woodard,Bangladeshi
Yolanda,Charles,Korean
Suki,Ortiz,Russian
Marvin,Ramos,Swazi
Idona,Waters,Colombian
Caleb,Blackburn,Ghanaian
Cole,Sloan,Liechtensteiner
Price,Payne,Tunisian
Geraldine,Hancock,Guyanese
Jaime,Benson,English
Imogene,Moody,Kenyan
Baker,Webb,Ecuadorean
Cole,Potts,Maldivian
Clarke,Mccullough,Kuwaiti
Rana,Wolfe,Zimbabwean
Elizabeth,Mullen,Brazilian
Hyacinth,Glover,Polish
Dylan,Hester,Icelander
Charde,Cunningham,Qatari
Hamilton,Simpson,Surinamese
Luke,Mendez,German
Joelle,Murray,Belorussian
Leigh,Snider,Salvadorean
Zachery,Mercado,SriLankan
Eric,Lawson,Mauritanian
Dale,Kinney,Argentinian
Simone,Huber,Slovenian
Gwendolyn,Merrill,Fijian
Kai,Coleman,Ugandan
Joshua,Duncan,Uzbek
Vernon,Glenn,Honduran
Ebony,Fitzpatrick,Finnish
Jade,Skinner,Afghan
Jessamine,Briggs,Filipino
Wyatt,Trujillo,Austrian
Peter,Osborne,Slovakian
Yuli,Miranda,Gambian
Desiree,Warner,Portuguese
Christopher,Clarke,Icelander
Hayes,Rivers,Mauritian
Stuart,Santiago,Monacan
Kadeem,Rutledge,Eritrean
Sharon,Dickerson,Zimbabwean
Otto,Henson,Jordanian
Castor,Buck,Luxembourger
Stephen,Hodges,Argentinian
Solomon,Duke,Barbadian
Leandra,Arnold,Montenegrin
Branden,Andrews,Croatian
Hadley,Rodgers,Madagascan
Zenia,Pratt,Argentinian
Lisandra,Humphrey,Laotian
Cullen,Mathews,Filipino
Omar,Dyer,Haitian
Chaney,Larson,Malaysian
Lacota,Waller,Lebanese
Kibo,Walter,Australian
Timothy,Eaton,Saudi
Chadwick,Santiago,Jamaican
TaShya,Wheeler,Slovenian
Risa,Crosby,Angolan
Bert,Meyers,Austrian
Aileen,Hansen,Vietnamese
Dominique,Knox,Sudanese
Julian,Jacobs,Moldovan
Neve,Page,Tunisian
Nolan,Lynn,Rwandan
Cade,Perry,Austrian
Risa,Mack,Montenegrin
Quamar,Knapp,Georgian
Robert,Pollard,Lithuanian
Kylee,Campos,Azerbaijani
Shaine,Tucker,Mozambican
Emerald,Sandoval,Liechtensteiner
Teagan,Bryant,Maltese
Ciara,Odom,English
Arthur,William,Algerian
Daphne,Hill,Chinese
Jessamine,Baxter,Turkish
Carol,Sanders,Bulgarian
Dexter,Horn,Chinese
Tana,Acosta,Laotian
Portia,Beck,Egyptian
Beck,Franklin,Liberian
Victor,Fulton,Maltese
Otto,Schneider,Kazakh
Emery,Cooley,Norwegian
Athena,Pope,Moroccan
Declan,Jefferson,Ecuadorean
Andrew,Lester,Nigerian
Melyssa,Kemp,Georgian
Myra,Dalton,Senegalese
Noelani,Pace,Mongolian
Sierra,Blankenship,Singaporean
Nash,Gamble,Laotian
Silas,Joyner,Panamanian
Steven,Moss,Mauritanian
Merritt,Benton,Malawian
Norman,Harper,Cuban
Stella,Guerrero,Cuban
Ainsley,Gould,Hungarian
Sean,Petty,Thai
Madeline,Tillman,Paraguayan
Orli,Webster,Angolan
Ivan,Bentley,Scottish
Ivan,Reid,Madagascan
Lyle,Lucas,Cambodian
Cole,Stevens,Romanian
Medge,Warner,Taiwanese
Athena,Taylor,Liechtensteiner
Catherine,Maldonado,Yemeni
Moana,Parrish,Bolivian
Sopoline,Roberts,Korean
Curran,Martin,Mozambican
Ashely,Haney,Guinean
Yen,Buckley,Nigerian
Emmanuel,Wilcox,Iraqi
Malcolm,Berry,Namibian
Kimberley,Mcleod,Chilean
Rudyard,Cortez,Guyanese
Yeo,Solis,Malawian
Martina,Bryant,Panamanian
Garrett,Padilla,Paraguayan
Ivor,Edwards,Mexican
Emerald,Hinton,Kenyan
Raven,Good,Slovenian
Michelle,Alexander,Namibian
Silas,Lane,Japanese
Uma,Cote,Andorran
Emi,Davidson,Nepalese
Duncan,Hammond,Kenyan
Craig,Berg,Mauritian
Eliana,Burns,Chadian
Reuben,Owen,Bosnian
David,Mccall,Welsh
Avram,Levine,Dominican
Yoshio,Bryant,Grenadian
Burke,Melton,Scottish
Gareth,Roman,Sudanese
Quinn,Hays,Cambodian
Ralph,Lancaster,Finnish
Bethany,Haney,Venezuelan
Kiara,Erickson,Nicaraguan
Bernard,Gates,Lebanese
Jordan,Roberts,Uzbek
Eve,Acevedo,Russian
Keith,Grant,Colombian
Jonah,Jimenez,Croatian
Hall,Harris,Paraguayan
Emerald,Fuentes,Argentinian
Vera,Miles,Congolese
Phoebe,Sanford,Lithuanian
Constance,Dorsey,Mauritanian
Yasir,Ochoa,Bhutanese
Whitney,Campos,Iranian
Brody,Giles,Afghan
Zena,Tyler,Uruguayan
Demetrius,Lee,British
Halee,Nichols,Madagascan
Hadley,Ray,Armenian
Lila,Perez,Hungarian
William,Hogan,Eritrean
Lacey,Mcclure,Spanish
Raymond,Barber,Croatian
Cyrus,Fry,Iraqi
Guinevere,Patton,Nepalese
Brady,Brennan,Turkish
Piper,Stanley,Lithuanian
Dylan,Blackwell,Madagascan
Hop,Love,Guyanese
Rhea,Guerra,Bhutanese
Teegan,Douglas,Togolese
Jesse,Morgan,Ugandan
Carl,Richardson,Greek
Skyler,Serrano,Bolivian
Autumn,Terry,Luxembourger
Ivan,Huber,Bhutanese
Joan,Huber,Georgian
Camille,Middleton,Estonian
Hannah,Rivers,Dutch
Denise,Ballard,Rwandan
Harper,Wheeler,Haitian
Chaim,Cantrell,Jamaican
Cynthia,Wolf,Ethiopian
Chantale,Stevens,Dominican
Sage,Carver,Guatemalan
Judah,Leach,Jamaican
Andrew,Britt,Peruvian
Astra,Small,Australian
Alice,Baldwin,Nepalese
Justina,Steele,German
Jana,Kirby,SriLankan
Edan,Day,Taiwanese
Gwendolyn,Woodard,Finnish
Beau,Whitehead,Welsh
James,Spence,Maltese
Marny,Alford,Belgian
Duncan,Kirkland,Chinese
Sarah,Cervantes,Dutch
Cleo,Rowe,Peruvian
Lavinia,Alford,Moroccan
Eleanor,Webb,Icelander
Olivia,Webster,Uruguayan
Patience,Rios,Lebanese
Brittany,Rivera,Cameroonian
Kirby,Foreman,Colombian
Damian,Kirby,Eritrean
Tara,Vang,Cambodian
Abel,Hoover,Mexican
Jada,Mcgee,Mauritian
Dalton,Woodard,Chilean
Macaulay,Houston,Bahamian
Harlan,Wall,Serbian
Owen,Sparks,Indonesian
Zelenia,Black,French
Chloe,Sanchez,Norwegian
Hammett,Clark,Bolivian
Cain,Scott,Belorussian
Lance,Dickson,Colombian
Randall,Maddox,Ghanaian
Jerry,Moses,Armenian
Calista,Clark,Uruguayan
Jennifer,Bradley,Egyptian
Rafael,Harper,Venezuelan
Colt,Shields,Barbadian
Imogene,Landry,Barbadian
Hyacinth,Murphy,Dominican
Armando,Sandoval,Barbadian
Basia,Glenn,Kuwaiti
Brett,Hart,Serbian
Eve,Knight,Syrian
Joshua,Warner,Russian
Griffin,Russell,Haitian
Ryder,Gilliam,Beninese
Shaeleigh,Hudson,Laotian
Brenda,Rocha,Cambodian
Preston,Petty,Uruguayan
Keaton,Abbott,Australian
Melinda,Shannon,Cambodian
Bradley,Heath,Guinean
Hayes,Shaffer,Liechtensteiner
Tyrone,Mcgowan,Greek
Quamar,Stewart,Lithuanian
Meredith,Donovan,Eritrean
Gretchen,Eaton,Laotian
Branden,Frye,Beninese
Imani,Donaldson,Swiss
Chase,Berger,Icelander
Amity,Paul,Malawian
Curran,Hughes,Cameroonian
Ian,Alvarado,Grenadian
Farrah,Howe,Maldivian
Bianca,Haley,Finnish
Suki,Buckley,Somali
Francis,Hinton,Czech
Branden,Shannon,Dominican
Robert,Michael,Japanese
Caldwell,Valencia,Thai
Byron,Herrera,Paraguayan
Chaim,Forbes,Malaysian
Emi,Hoffman,Moldovan
Rafael,Cleveland,Uzbek
Karina,Tran,Singaporean
Wynne,Love,Trinidadian
Ahmed,Gutierrez,Indonesian
Halee,Morse,Uzbek
Madeline,Turner,Cameroonian
Mannix,Randall,American
Gisela,Bradford,Cuban
Lilah,Myers,Iranian
Megan,Leonard,Scottish
Tucker,Clark,Georgian
Jermaine,Ortiz,Moldovan
Beatrice,Stewart,Ukrainian
Winifred,Brady,Belorussian
Fay,Walton,Bosnian
Oren,Barr,Ghanaian
Indigo,Mayo,Austrian
Xandra,Goodwin,Bahamian
Noble,Johns,Georgian
Drew,Cotton,Korean
Selma,Gonzalez,Maldivian
Macaulay,Beach,Belorussian
Ila,Good,Tunisian
Channing,Hinton,Venezuelan
Cruz,Hahn,Laotian
Chester,Bradford,Welsh
Glenna,Dunlap,Bruneian
Linda,Vargas,Macedonian
Miriam,Baldwin,Zimbabwean
Lareina,Cunningham,Burmese
Cheryl,Carrillo,American
Rhiannon,Goff,Ecuadorean
Aspen,Rocha,Mozambican
Charde,Lester,Tunisian
Ulric,Ballard,Russian
Tate,Sloan,Burmese
Hector,Blackwell,Burmese
Lani,Nash,Barbadian
Violet,Grant,Gambian
Damian,Weber,Namibian
Scarlett,Andrews,Dominican
Scarlett,Cantu,Bolivian
Phyllis,Johnson,Trinidadian
Penelope,Colon,German
Audra,Ross,Beninese
Eric,Peck,Italian
Rhoda,Ross,Pakistani
Adele,Kramer,Liechtensteiner
Dale,Macias,Tunisian
Deanna,Meadows,Scottish
Cruz,Ferrell,Venezuelan
Cameran,Armstrong,Rwandan
Kylynn,Huff,Romanian
Sonia,Osborn,German
Timothy,Moran,Chadian
Igor,Kim,Nigerian
Raja,Potts,Mongolian
Chantale,Crawford,Thai
Dominic,Macias,Syrian
Galena,Dunn,English
Glenna,Holder,Eritrean
Armand,Leblanc,Cuban
Sylvester,Poole,Brazilian
Dana,Martin,Korean
May,Santiago,Egyptian
Scott,Torres,Tadzhik
Kiona,Payne,Portuguese
Luke,Walter,Paraguayan
Adrienne,Hutchinson,Argentinian
Candace,Lawrence,Tunisian
Ignatius,Suarez,Cuban
Anthony,Harris,Moroccan
John,Spence,Welsh
Flavia,Simpson,Luxembourger
Sylvester,Mcgowan,Ukrainian
Sopoline,Ray,Georgian
Carla,Guzman,Venezuelan
Xaviera,Owens,French
Nerea,Baxter,Cuban
Stuart,Crane,Romanian
Kristen,Nieves,Chadian
Veronica,Colon,Nigerian
Basil,Levine,Mauritian
Emi,Hogan,Madagascan
Jolie,Meyer,French
Doris,Long,Pakistani
Raja,Watts,Ugandan
Sigourney,Parsons,Liberian
Ryder,Flowers,Finnish
Mercedes,Odonnell,Burundian
Akeem,Griffith,Bosnian
Keith,Olson,Belgian
Cade,Graham,Austrian
Jada,Petty,Kenyan
Jolie,Gordon,Malawian
Alvin,Wiggins,Albanian
Shad,Young,Laotian
Sara,Nolan,Algerian
Farrah,Serrano,Syrian
Omar,Donaldson,Tadzhik
Nadine,Montgomery,Icelander
Macey,Vincent,Spanish
Brynn,Mcintosh,Bahamian
Baker,Chambers,Nigerien
Carson,Nixon,Bolivian
Shea,Cervantes,SriLankan
Veda,Baker,Panamanian
Jin,Waters,Gambian
Ira,Baxter,Venezuelan
Ferris,Whitley,Congolese
Larissa,Wood,Norwegian
Robin,Parks,Gambian
Darryl,Pugh,Swedish
Beau,Stafford,Nigerian
Flynn,Gentry,Tanzanian
Martha,Briggs,Russian
Arden,Ferrell,Trinidadian
Josephine,Kelley,Grenadian
Danielle,Delgado,Montenegrin
Paki,Webb,Macedonian
Madaline,Roth,Liechtensteiner
Kelly,Mendez,Algerian
Hedwig,Mathis,Bangladeshi
Hiroko,Preston,Iranian
Acton,Rasmussen,Italian
Emery,Blair,Taiwanese
Charlotte,Castaneda,Kuwaiti
Shelly,Guthrie,Chadian
Arthur,Hensley,Kenyan
Declan,Guerrero,Slovakian
Kessie,Schmidt,Brazilian
Raven,Fischer,Burundian
Marvin,Grant,Ghanaian
Amy,Ball,Honduran
Jameson,Bennett,Montenegrin
Madison,Webster,Scottish
Victoria,Wilkins,Iraqi
Isabella,Todd,Jamaican
Lesley,Morgan,Argentinian
Tiger,Berg,Mauritian
Felicia,Ortiz,Norwegian
Sandra,Herman,Bahamian
Calista,Herman,Mexican
Rina,Mckee,Tanzanian
Ralph,Higgins,Moldovan
Hadley,Logan,Norwegian
Macy,Albert,Togolese
Indigo,Marshall,Malaysian
Jameson,Ford,Nigerian
Iola,Trujillo,Luxembourger
Erasmus,Caldwell,Rwandan
Patricia,Pennington,Luxembourger
Nehru,Gibbs,Guyanese
Steven,Davis,Slovakian
Carson,Glenn,Qatari
Halee,Pruitt,Portuguese
Cameran,Beard,Liechtensteiner
Shafira,Stephenson,Algerian
Dennis,Sutton,Iranian
Addison,Duran,Panamanian
Simon,Salas,Tunisian
Damon,Wilkerson,Qatari
Cassidy,Combs,Liberian
John,Bryant,British
Hasad,Ellis,Romanian
Eliana,Lopez,Albanian
Rachel,Davenport,Barbadian
Jana,Drake,Montenegrin
Briar,Hopkins,Nepalese
Mariko,Bauer,Georgian
Demetrius,Logan,Italian
Alika,Oneill,Canadian
Trevor,Dawson,Zambian
Rahim,Phelps,Maldivian
Dorothy,Shannon,Macedonian
Kim,Grant,Panamanian
Xanthus,Harris,Spanish
Elizabeth,Atkinson,Liberian
