Neil,Higgins,Swedish
Sheila,Sheppard,Trinidadian
Colleen,Lancaster,Malian
Leah,Hurst,Dominican
Ivor,Farmer,Argentinian
Michael,Mooney,Swiss
Sawyer,Oliver,Singaporean
Barclay,Booker,Congolese
Fiona,Becker,Rwandan
Winifred,Steele,Mauritanian
Derek,Humphrey,Dutch
Selma,Goodman,Moldovan
Steven,Franks,Barbadian
Britanney,Richardson,Kuwaiti
Pamela,Davis,Argentinian
Phyllis,Hinton,Albanian
Aurora,Sanford,Malian
Brielle,Berg,Nicaraguan
Eaton,Robles,Brazilian
Molly,Downs,Moroccan
Craig,Brock,Egyptian
Tatiana,Palmer,Moroccan
Jason,Stafford,Gambian
Brett,Bishop,Belorussian
Kato,Conner,Norwegian
Zeus,Moran,Rwandan
Harper,Ballard,Ukrainian
Wade,Joseph,Qatari
Gisela,Dawson,Tanzanian
Anika,Bates,Bolivian
Willa,Morgan,Luxembourger
Marshall,Mitchell,Nicaraguan
Cyrus,Reeves,SriLankan
Kyle,Owen,Icelander
Plato,Hester,Togolese
Hayes,Boyd,Mauritian
Alyssa,Johnston,Trinidadian
Avye,Jarvis,Japanese
Steel,Vang,Senegalese
Adele,Knowles,Swedish
Quinn,Lindsey,British
Axel,Anderson,Cuban
Nichole,Wyatt,Romanian
Colton,Levine,Burundian
Zelda,Hawkins,SriLankan
Emerson,Gilliam,British
Garrison,Thompson,Luxembourger
Germaine,Montgomery,Albanian
Geoffrey,Duncan,Pakistani
Lewis,Mckenzie,Cameroonian
Hunter,Oconnor,Belorussian
Driscoll,Gibbs,Belgian
Grant,Tyler,Egyptian
Penelope,Alexander,Angolan
Sacha,Simmons,Togolese
Lareina,Walker,Grenadian
Nayda,Garcia,Russian
MacKenzie,Madden,Korean
Lysandra,Hester,Panamanian
Cameron,Clark,Korean
Ila,Long,Cuban
Hoyt,Randolph,American
Austin,Nolan,Angolan
Lilah,Ball,Kazakh
Beau,Acevedo,French
Chelsea,Ramos,Bangladeshi
Lunea,Macdonald,Mongolian
Beverly,King,Liechtensteiner
Lawrence,Mayo,Cameroonian
Astra,Woodward,Eritrean
Ila,Porter,Bahamian
Rafael,Horne,Moldovan
Noelani,Salinas,Luxembourger
Geraldine,Golden,Mozambican
Constance,Wood,Montenegrin
Ila,Castaneda,Cypriot
Neve,Thornton,French
Vivien,Pollard,Australian
Vincent,Trujillo,Swedish
Ora,Estes,Pakistani
Conan,Bowers,Welsh
Cameran,Barry,Thai
Jorden,Pennington,Slovakian
Halee,Roach,Trinidadian
Skyler,Bennett,Polish
Bruno,Mercado,Japanese
Renee,Cortez,Pakistani
Shoshana,Cote,Beninese
Ria,Vazquez,Welsh
Joan,Mckay,Haitian
Dalton,Nolan,Japanese
Cara,Gilliam,Senegalese
Naida,Davidson,Fijian
Deirdre,Cain,Czech
Clarke,Bryan,Mauritanian
Nathaniel,Sutton,British
Guy,Vaughan,Luxembourger
Amal,Lawrence,Guatemalan
Garrett,Martin,Canadian
Nomlanga,Turner,Zambian
Howard,Dennis,Slovakian
Shoshana,Cobb,Pakistani
Darius,Drake,Danish
Skyler,Lancaster,Laotian
Giacomo,Hughes,Czech
Jeanette,Stein,Spanish
Piper,Stephenson,Singaporean
Brennan,Carey,Liberian
Gretchen,French,Nepalese
Jena,Henson,Malawian
Melinda,Dixon,Egyptian
Kermit,Rice,Armenian
Caldwell,Collier,Yemeni
Zenaida,Mendez,Czech
Petra,Riddle,Togolese
Forrest,Frank,Maldivian
Haley,Bentley,Dutch
Hedwig,Patterson,Welsh
Jacob,Santana,Icelander
Harrison,Buchanan,Pakistani
Melanie,Hunter,Nicaraguan
Theodore,Beard,Austrian
Jasper,Pacheco,Paraguayan
Alexander,Ellison,Singaporean
Marah,Alford,Korean
Igor,Lowery,Montenegrin
Blake,Holman,Guinean
Nigel,Solis,Russian
Mia,Rocha,Azerbaijani
Jameson,Mccormick,Bruneian
Bruno,Clarke,Monacan
Christine,Vance,Gabonese
Venus,Galloway,Lebanese
Mikayla,James,Madagascan
Miranda,Hull,Argentinian
Wing,Kelly,Moldovan
Adrian,Franks,Belgian
Hilda,James,Korean
Hanae,Gill,English
Nyssa,Miles,Zambian
Marah,Sutton,Mexican
Fletcher,Peck,Swazi
Jenette,Molina,Malawian
Coby,Reeves,Singaporean
Bethany,Fuller,Bhutanese
Ella,Sexton,Grenadian
Kiayada,Mcbride,Beninese
Joy,Williams,Mauritian
Talon,Mejia,Mongolian
Barrett,Park,Bulgarian
Thor,Rasmussen,Lithuanian
Bertha,Cruz,Liechtensteiner
Lillith,Richard,Syrian
Clark,Martin,Azerbaijani
Armand,Arnold,Ukrainian
Lila,Guy,Congolese
Kane,Blankenship,Tanzanian
Erich,Booker,Belorussian
Madison,Downs,Gabonese
Ayanna,Garner,Jordanian
Colby,Steele,Cambodian
Rylee,Bowen,Belgian
Felicia,Newton,Moroccan
Dustin,Norton,Moldovan
Kennedy,Alexander,Cameroonian
Kevin,Santos,Paraguayan
Flynn,Patton,Jordanian
Timothy,Valentine,Thai
Elizabeth,Dunn,Burundian
Jaquelyn,Farrell,Iranian
Deanna,Rowe,Syrian
Kaitlin,Wyatt,Uzbek
Tatyana,Chambers,Egyptian
Ishmael,Bryan,Bangladeshi
Travis,Barr,Zimbabwean
Dillon,Rosales,Chadian
Maia,Contreras,Tanzanian
Jarrod,Price,Nepalese
Meredith,Holcomb,Libyan
Iola,Mcgee,Panamanian
Francis,Brock,Guatemalan
Raja,Morrow,Malian
Abigail,Mueller,Slovenian
Harrison,Castillo,Israeli
Athena,Bryant,Salvadorean
Kibo,Garrison,Armenian
Imogene,Vincent,Trinidadian
Haviva,Hudson,Belorussian
Vivien,Meyers,Congolese
Amy,Mcfadden,Australian
Ali,Hurst,Laotian
Deborah,Leon,Kuwaiti
Shay,Olson,Ecuadorean
Valentine,Foreman,Ghanaian
Camille,Cannon,Argentinian
Heather,Hendricks,Bolivian
Jaquelyn,Hicks,Slovenian
Randall,Wong,Finnish
Basia,Burnett,Cuban
Brielle,Aguilar,British
Cora,Mercado,Swiss
Darius,Rivers,Gambian
Hyatt,Reed,Lithuanian
Shana,Middleton,Luxembourger
Aquila,Mclaughlin,Georgian
Grant,Johnston,Chinese
Cassandra,Sears,Chadian
Avram,Carney,Gabonese
Sybil,Glass,Kuwaiti
Brielle,Roy,Nigerien
Yen,Franks,Russian
Noah,Ramos,British
Aaron,Juarez,Slovakian
Cameron,Pearson,Algerian
Quon,Ashley,Monacan
Lisandra,Greene,Estonian
Ivory,Hansen,Nepalese
Xandra,Bradshaw,Burundian
Imogene,May,Romanian
Ivana,Bennett,Peruvian
Ferdinand,Jacobson,Swiss
Hilda,Skinner,Egyptian
Dillon,Trevino,Danish
Walter,Gilliam,Guyanese
Remedios,Sims,Swazi
Summer,Tyler,Maltese
Joseph,Dominguez,Polish
Cleo,Wilkins,Canadian
Ryan,Mcneil,Afghan
Skyler,Duncan,Bahamian
Yael,Ferrell,Moldovan
Octavia,Pope,Irish
Ariana,Goff,American
Kirsten,Grimes,Romanian
Kirestin,Duncan,Senegalese
Gage,Odonnell,Slovenian
Deborah,Perez,Congolese
Jaden,Odonnell,Scottish
Bevis,Melendez,Georgian
Bernard,Carr,Nigerien
Kirsten,Kemp,Norwegian
Kyle,Frost,Romanian
Teagan,Roth,Austrian
Emerson,Ashley,Turkish
Carson,Kent,Tanzanian
Denton,Wynn,Latvian
Macaulay,Hopper,Bangladeshi
Brody,Hughes,Swedish
Dean,Hendrix,Romanian
Keegan,Wallace,Malian
Kelsie,Nichols,Surinamese
Amity,Harper,Maltese
Malachi,Galloway,Norwegian
Xavier,Stanley,Tadzhik
Stephen,Vinson,Rwandan
Zenia,Henderson,Afghan
Sandra,Sampson,Uruguayan
Ava,Strong,Mauritanian
Daphne,Clark,Filipino
Debra,Pruitt,Maldivian
Teegan,Cook,Andorran
Timothy,Morgan,Iraqi
Zephania,Hampton,Honduran
Oliver,Nelson,Colombian
Aristotle,Caldwell,Chilean
Daria,Christensen,Ugandan
Ann,Barr,Serbian
Burke,Baird,Greek
Amos,Vasquez,Honduran
Sacha,Humphrey,Swazi
Byron,Stevens,Czech
Daryl,Clements,Korean
Zephr,Sellers,Nigerian
Erich,Harvey,Bolivian
Isabella,Meyer,Moldovan
Dana,Pierce,Trinidadian
Oscar,Holland,Andorran
Linus,Sheppard,Bangladeshi
Brenden,Gonzales,Australian
Moses,Madden,Portuguese
Leilani,Cooke,Iranian
Joy,Wolf,Slovakian
Ann,Mckay,Pakistani
Rama,Dodson,Ugandan
Joseph,Reed,Ecuadorean
Chanda,Henson,Cuban
Hilel,Clark,Tunisian
Isaiah,Workman,Russian
Cody,Morrow,Beninese
Elizabeth,Francis,Dutch
Melissa,Sexton,Nigerien
Dane,Robbins,SriLankan
Mariam,Kidd,Estonian
Roary,Delgado,Burundian
Demetria,Rowe,Monacan
Latifah,Robles,Togolese
Kellie,Anthony,Senegalese
Timon,Nieves,Italian
Alexander,Dudley,Mauritian
Clayton,Combs,Namibian
Bruno,Lopez,Bahamian
Orson,Lambert,Liechtensteiner
Kenneth,Strickland,Dominican
Amery,Dawson,Swiss
Rose,Steele,Greek
Bree,Kline,Monacan
Lilah,Vincent,Iraqi
Bernard,Hubbard,Panamanian
Owen,Delaney,Zambian
Elliott,Clark,Slovakian
Evelyn,Buckley,Georgian
Matthew,Cummings,Nicaraguan
Wallace,Mejia,Ugandan
Jena,Tucker,Afghan
Demetrius,Mitchell,Nepalese
Lunea,Moses,Fijian
Kirk,Hutchinson,Cypriot
Brennan,Dalton,Filipino
Madison,Goodman,Burundian
Jane,Suarez,Greek
Dana,Johnston,Finnish
Dieter,Branch,Maltese
Hedda,Lara,Kuwaiti
Zahir,Alston,Romanian
Aaron,Robertson,Japanese
Kyle,Kramer,Senegalese
Elaine,Anthony,Dominican
Minerva,Kidd,Somali
Candace,Levine,Georgian
Octavius,Baird,Haitian
Karen,Sloan,Mozambican
Barclay,Harrison,Finnish
Kenneth,Barry,Icelander
Vanna,Britt,SriLankan
Peter,Riggs,Liechtensteiner
Eric,Peck,Burundian
Wayne,King,Lebanese
Nathan,Shepherd,SriLankan
Curran,Best,Latvian
Otto,Roman,Panamanian
Malcolm,Hopper,Swedish
Baxter,Reilly,Indonesian
Martena,Schwartz,Ukrainian
Alfonso,Wyatt,Zimbabwean
Danielle,Woodard,Vietnamese
Winifred,Davis,Georgian
Ulla,Griffith,Israeli
Zephania,Morse,Cameroonian
Nola,Armstrong,Burundian
Hadassah,Newman,Polish
Benedict,Holmes,Paraguayan
Rylee,Leach,Montenegrin
Amal,Michael,Angolan
Melodie,Wynn,Swazi
Briar,Browning,Ethiopian
Louis,Lamb,English
Coby,Walls,Tunisian
Chloe,Gay,Beninese
Bradley,Barnett,Scottish
Briar,Conway,Algerian
Hedy,Graves,Welsh
Stacy,Warren,Belgian
Olympia,Hyde,Austrian
Isadora,Burns,Thai
Francis,Cote,Tunisian
Chloe,Boyd,Cameroonian
Bo,Marsh,Surinamese
Kelly,Sharp,Mexican
Kamal,Keller,Mexican
Joan,Hoover,Cameroonian
Jena,Travis,Malawian
Clare,Estes,Japanese
Conan,Taylor,Chadian
Anne,Gomez,Malian
Preston,Glass,Kenyan
Orlando,Kerr,Macedonian
Fuller,Good,Venezuelan
Irene,Patel,Dutch
Violet,Roy,Welsh
Zia,York,Bangladeshi
Cheyenne,Forbes,Belorussian
Ignacia,Ruiz,SriLankan
Irma,Hood,Belgian
Luke,Merritt,Finnish
Fuller,Poole,Spanish
Imani,Weaver,Paraguayan
Nissim,Coleman,Ghanaian
Jordan,Mccoy,Angolan
Ivan,Brennan,Norwegian
Yvonne,Moon,Saudi
Barrett,Knowles,British
Tasha,Turner,Peruvian
Shellie,Bond,Gabonese
Matthew,Diaz,Eritrean
Angelica,Holden,Afghan
Demetrius,Beasley,Romanian
Carla,Forbes,Belorussian
Yen,Shields,Panamanian
Leo,Carey,Latvian
Prescott,Giles,Guinean
Cullen,Garcia,Kazakh
Candice,Hyde,Swazi
Phyllis,Hester,Madagascan
Kaitlin,Torres,Korean
Orson,Cabrera,Chinese
Uriah,Suarez,Cypriot
Willa,Russo,Tunisian
Jillian,Ellis,Libyan
Hayes,Christian,Georgian
Garrison,Murphy,Liberian
Jonah,Romero,Greek
Caryn,Cherry,Algerian
Julie,Cunningham,Namibian
Julian,Lynch,Swiss
Lareina,Day,Jordanian
Beck,Sellers,Turkish
Genevieve,Clarke,Singaporean
Solomon,Reynolds,Cuban
Zane,Stephens,Czech
Mia,Pugh,Kenyan
Fitzgerald,Short,Dutch
Melanie,George,Japanese
Thane,Guerra,Tadzhik
Cora,Blackwell,Finnish
Tyler,Kirk,Monacan
Tobias,Blair,Italian
Carter,Robertson,Namibian
Cameron,Mcbride,Australian
Maris,Gould,Ukrainian
Gail,Clarke,Mexican
Megan,Avila,Mauritian
Bevis,Benjamin,Maltese
Ila,Richard,Zimbabwean
Rigel,Blanchard,Uzbek
Jaime,Mcpherson,Hungarian
Ezra,Harrington,Uzbek
Barclay,Beasley,Liechtensteiner
Quail,Marquez,Burmese
Austin,Richards,Gambian
Kyla,Hoffman,Laotian
Hadley,Carney,Burmese
Leo,Shaw,Eritrean
Kimberly,Albert,Iranian
Paul,Stone,Namibian
Karina,Velazquez,Bhutanese
Gannon,Ramirez,Yemeni
Eve,Henry,Estonian
Kamal,Lambert,Mauritian
Castor,Mills,Japanese
Tad,Swanson,Nepalese
Michelle,Mccarthy,Tunisian
Thaddeus,Williamson,Korean
Idola,Mills,Saudi
Nadine,Bartlett,Israeli
Unity,Langley,Bulgarian
Emily,Norman,Uruguayan
Hilary,Spence,Croatian
Rashad,Ellison,Jamaican
Henry,Kirby,Jamaican
Nash,Spears,Swazi
Solomon,Wallace,Greek
Mona,Williamson,Guatemalan
Raven,Boyd,Jordanian
Quin,Prince,Saudi
Nissim,Hicks,Tunisian
Jasmine,Haley,Madagascan
Amena,Gill,Bolivian
Brent,Kelly,Libyan
Nolan,Perkins,Cypriot
Vivian,Simmons,Dominican
Lucian,Mccarty,Syrian
Paloma,Meadows,Austrian
Emi,Sullivan,Taiwanese
Harrison,Wyatt,Honduran
Hilel,Mann,Qatari
Delilah,Buckner,Chilean
Wade,Cotton,Trinidadian
Yoko,King,Maltese
Wyatt,Lee,Iraqi
Lamar,Crawford,Tunisian
Blossom,Patrick,Yemeni
Naomi,Douglas,Ghanaian
Dawn,Briggs,Swiss
Giselle,Rocha,Eritrean
Herman,Robinson,Filipino
Salvador,Williams,Grenadian
Griffin,Pruitt,Syrian
Leo,Ruiz,Guyanese
Elvis,Nunez,Singaporean
Rhea,Ramos,Iraqi
Xanthus,Brooks,Romanian
Maite,Garcia,Malian
Elmo,Woodard,Dutch
Clementine,Blanchard,Salvadorean
Jaden,Clayton,Latvian
Hoyt,Hudson,Qatari
Amir,Webb,Kazakh
Macon,Trujillo,Ecuadorean
Cade,Jordan,Serbian
Lacy,Ramos,Afghan
